_time,_measurement,_field,_value
2023-07-06 12:12:55.532906+02:00,PC,GPU_temp,68.0
2023-07-06 12:13:05.590467+02:00,PC,GPU_temp,68.0
2023-07-06 12:13:15.672730+02:00,PC,GPU_temp,68.0
2023-07-06 12:13:25.717703+02:00,PC,GPU_temp,68.0
2023-07-06 12:13:35.778817+02:00,PC,GPU_temp,69.0
2023-07-06 12:13:45.845392+02:00,PC,GPU_temp,69.0
2023-07-06 12:13:55.917060+02:00,PC,GPU_temp,69.0
2023-07-06 12:14:05.970831+02:00,PC,GPU_temp,69.0
2023-07-06 12:14:16.090051+02:00,PC,GPU_temp,68.0
2023-07-06 12:14:26.119996+02:00,PC,GPU_temp,68.0
2023-07-06 12:14:36.187933+02:00,PC,GPU_temp,68.0
2023-07-06 12:14:46.219892+02:00,PC,GPU_temp,67.0
2023-07-06 12:14:56.289134+02:00,PC,GPU_temp,68.0
2023-07-06 12:15:06.381086+02:00,PC,GPU_temp,69.0
2023-07-06 12:15:16.455510+02:00,PC,GPU_temp,69.0
2023-07-06 12:15:26.495206+02:00,PC,GPU_temp,68.0
2023-07-06 12:15:36.577515+02:00,PC,GPU_temp,68.0
2023-07-06 12:15:46.657346+02:00,PC,GPU_temp,68.0
2023-07-06 12:15:56.713481+02:00,PC,GPU_temp,68.0
2023-07-06 12:16:06.754058+02:00,PC,GPU_temp,69.0
2023-07-06 12:16:16.801166+02:00,PC,GPU_temp,69.0
2023-07-06 12:16:26.872257+02:00,PC,GPU_temp,69.0
2023-07-06 12:16:36.943409+02:00,PC,GPU_temp,69.0
2023-07-06 12:16:47.045814+02:00,PC,GPU_temp,68.0
2023-07-06 12:16:57.094959+02:00,PC,GPU_temp,68.0
2023-07-06 12:17:07.162512+02:00,PC,GPU_temp,68.0
2023-07-06 12:17:17.280602+02:00,PC,GPU_temp,68.0
2023-07-06 12:17:27.328241+02:00,PC,GPU_temp,68.0
2023-07-06 12:17:37.365786+02:00,PC,GPU_temp,68.0
2023-07-06 12:17:47.454965+02:00,PC,GPU_temp,68.0
2023-07-06 12:17:57.485894+02:00,PC,GPU_temp,68.0
2023-07-06 12:18:07.538906+02:00,PC,GPU_temp,68.0
2023-07-06 12:18:17.625362+02:00,PC,GPU_temp,69.0
2023-07-06 12:18:27.687277+02:00,PC,GPU_temp,69.0
2023-07-06 12:18:37.786920+02:00,PC,GPU_temp,68.0
2023-07-06 12:18:47.851120+02:00,PC,GPU_temp,68.0
2023-07-06 12:18:57.907085+02:00,PC,GPU_temp,68.0
2023-07-06 12:19:07.968166+02:00,PC,GPU_temp,68.0
2023-07-06 12:19:18.019639+02:00,PC,GPU_temp,68.0
2023-07-06 12:19:28.069691+02:00,PC,GPU_temp,68.0
2023-07-06 12:19:38.179075+02:00,PC,GPU_temp,68.0
2023-07-06 12:19:48.262680+02:00,PC,GPU_temp,68.0
2023-07-06 12:19:58.332123+02:00,PC,GPU_temp,68.0
2023-07-06 12:20:08.408932+02:00,PC,GPU_temp,69.0
2023-07-06 12:20:18.469171+02:00,PC,GPU_temp,68.0
2023-07-06 12:20:28.551629+02:00,PC,GPU_temp,68.0
2023-07-06 12:20:38.584547+02:00,PC,GPU_temp,68.0
2023-07-06 12:20:48.646415+02:00,PC,GPU_temp,68.0
2023-07-06 12:20:58.710696+02:00,PC,GPU_temp,68.0
2023-07-06 12:21:08.766137+02:00,PC,GPU_temp,69.0
2023-07-06 12:21:18.846192+02:00,PC,GPU_temp,69.0
2023-07-06 12:21:28.883937+02:00,PC,GPU_temp,69.0
2023-07-06 12:21:38.966063+02:00,PC,GPU_temp,69.0
2023-07-06 12:21:49.013262+02:00,PC,GPU_temp,68.0
2023-07-06 12:21:59.098368+02:00,PC,GPU_temp,68.0
2023-07-06 12:22:09.149507+02:00,PC,GPU_temp,68.0
2023-07-06 12:22:19.236971+02:00,PC,GPU_temp,68.0
2023-07-06 12:22:29.289969+02:00,PC,GPU_temp,68.0
2023-07-06 12:22:39.335834+02:00,PC,GPU_temp,68.0
2023-07-06 12:22:49.386833+02:00,PC,GPU_temp,69.0
2023-07-06 12:22:59.448673+02:00,PC,GPU_temp,69.0
2023-07-06 12:23:09.516365+02:00,PC,GPU_temp,69.0
2023-07-06 12:23:19.545539+02:00,PC,GPU_temp,69.0
2023-07-06 12:23:29.605214+02:00,PC,GPU_temp,69.0
2023-07-06 12:23:39.651053+02:00,PC,GPU_temp,68.0
2023-07-06 12:23:49.736247+02:00,PC,GPU_temp,68.0
2023-07-06 12:23:59.787803+02:00,PC,GPU_temp,68.0
2023-07-06 12:24:09.817310+02:00,PC,GPU_temp,68.0
2023-07-06 12:24:19.869178+02:00,PC,GPU_temp,68.0
2023-07-06 12:24:29.924012+02:00,PC,GPU_temp,69.0
2023-07-06 12:24:40.650172+02:00,PC,GPU_temp,70.0
2023-07-06 12:24:50.713339+02:00,PC,GPU_temp,69.0
2023-07-06 12:25:01.816170+02:00,PC,GPU_temp,70.0
2023-07-06 12:25:12.158508+02:00,PC,GPU_temp,70.0
2023-07-06 12:25:22.202114+02:00,PC,GPU_temp,69.0
2023-07-06 12:25:33.309905+02:00,PC,GPU_temp,69.0
2023-07-06 12:25:43.368882+02:00,PC,GPU_temp,69.0
2023-07-06 12:25:54.497830+02:00,PC,GPU_temp,70.0
2023-07-06 12:26:04.848745+02:00,PC,GPU_temp,69.0
2023-07-06 12:26:14.933686+02:00,PC,GPU_temp,69.0
2023-07-06 12:26:26.095175+02:00,PC,GPU_temp,69.0
2023-07-06 12:26:36.143523+02:00,PC,GPU_temp,69.0
2023-07-06 12:26:47.298406+02:00,PC,GPU_temp,69.0
2023-07-06 12:26:57.356169+02:00,PC,GPU_temp,69.0
2023-07-06 12:27:08.417329+02:00,PC,GPU_temp,70.0
2023-07-06 12:27:18.523413+02:00,PC,GPU_temp,69.0
2023-07-06 12:27:29.580390+02:00,PC,GPU_temp,70.0
2023-07-06 12:27:39.670492+02:00,PC,GPU_temp,69.0
2023-07-06 12:27:50.779437+02:00,PC,GPU_temp,70.0
2023-07-06 12:28:00.807676+02:00,PC,GPU_temp,69.0
2023-07-06 12:28:11.887528+02:00,PC,GPU_temp,70.0
2023-07-06 12:28:21.949263+02:00,PC,GPU_temp,69.0
2023-07-06 12:28:33.078550+02:00,PC,GPU_temp,69.0
2023-07-06 12:28:43.105933+02:00,PC,GPU_temp,69.0
2023-07-06 12:28:54.210696+02:00,PC,GPU_temp,69.0
2023-07-06 12:29:04.282200+02:00,PC,GPU_temp,69.0
2023-07-06 12:29:15.437131+02:00,PC,GPU_temp,70.0
2023-07-06 12:29:25.808799+02:00,PC,GPU_temp,69.0
2023-07-06 12:29:35.875551+02:00,PC,GPU_temp,69.0
2023-07-06 12:29:46.985246+02:00,PC,GPU_temp,69.0
2023-07-06 12:29:57.045125+02:00,PC,GPU_temp,69.0
2023-07-06 12:30:08.129104+02:00,PC,GPU_temp,69.0
2023-07-06 12:30:18.217101+02:00,PC,GPU_temp,69.0
2023-07-06 12:30:29.341625+02:00,PC,GPU_temp,69.0
2023-07-06 12:30:39.422838+02:00,PC,GPU_temp,69.0
2023-07-06 12:30:50.537035+02:00,PC,GPU_temp,70.0
2023-07-06 12:31:00.855721+02:00,PC,GPU_temp,69.0
2023-07-06 12:31:10.910738+02:00,PC,GPU_temp,69.0
2023-07-06 12:31:22.026678+02:00,PC,GPU_temp,69.0
2023-07-06 12:31:32.118478+02:00,PC,GPU_temp,69.0
2023-07-06 12:31:43.212710+02:00,PC,GPU_temp,69.0
2023-07-06 12:31:53.261354+02:00,PC,GPU_temp,69.0
2023-07-06 12:32:04.371034+02:00,PC,GPU_temp,70.0
2023-07-06 12:32:14.420343+02:00,PC,GPU_temp,69.0
2023-07-06 12:32:25.567624+02:00,PC,GPU_temp,70.0
2023-07-06 12:32:35.597651+02:00,PC,GPU_temp,69.0
2023-07-06 12:32:46.762461+02:00,PC,GPU_temp,70.0
2023-07-06 12:32:56.820860+02:00,PC,GPU_temp,69.0
2023-07-06 12:33:07.891238+02:00,PC,GPU_temp,70.0
2023-07-06 12:33:17.932524+02:00,PC,GPU_temp,69.0
2023-07-06 12:33:29.050282+02:00,PC,GPU_temp,69.0
2023-07-06 12:33:39.142922+02:00,PC,GPU_temp,69.0
2023-07-06 12:33:50.258880+02:00,PC,GPU_temp,69.0
2023-07-06 12:34:00.303181+02:00,PC,GPU_temp,69.0
2023-07-06 12:34:11.392588+02:00,PC,GPU_temp,69.0
2023-07-06 12:34:21.446451+02:00,PC,GPU_temp,69.0
2023-07-06 12:34:32.590830+02:00,PC,GPU_temp,70.0
2023-07-06 12:34:42.637108+02:00,PC,GPU_temp,69.0
2023-07-06 12:34:53.744465+02:00,PC,GPU_temp,70.0
2023-07-06 12:35:03.791464+02:00,PC,GPU_temp,69.0
2023-07-06 12:35:14.925032+02:00,PC,GPU_temp,70.0
2023-07-06 12:35:24.962753+02:00,PC,GPU_temp,69.0
2023-07-06 12:35:36.058640+02:00,PC,GPU_temp,69.0
2023-07-06 12:35:46.128169+02:00,PC,GPU_temp,69.0
2023-07-06 12:35:57.262636+02:00,PC,GPU_temp,70.0
2023-07-06 12:36:07.304393+02:00,PC,GPU_temp,69.0
2023-07-06 12:36:18.404329+02:00,PC,GPU_temp,70.0
2023-07-06 12:36:28.787751+02:00,PC,GPU_temp,69.0
2023-07-06 12:36:38.805282+02:00,PC,GPU_temp,68.0
2023-07-06 12:36:49.965733+02:00,PC,GPU_temp,69.0
2023-07-06 12:37:00.282664+02:00,PC,GPU_temp,69.0
2023-07-06 12:37:10.347545+02:00,PC,GPU_temp,68.0
2023-07-06 12:37:21.459270+02:00,PC,GPU_temp,69.0
2023-07-06 12:37:31.533537+02:00,PC,GPU_temp,69.0
2023-07-06 12:37:42.638947+02:00,PC,GPU_temp,69.0
2023-07-06 12:37:52.707479+02:00,PC,GPU_temp,69.0
2023-07-06 12:38:03.812057+02:00,PC,GPU_temp,70.0
2023-07-06 12:38:13.880163+02:00,PC,GPU_temp,70.0
2023-07-06 12:38:24.995730+02:00,PC,GPU_temp,70.0
2023-07-06 12:38:35.054605+02:00,PC,GPU_temp,69.0
2023-07-06 12:38:46.149018+02:00,PC,GPU_temp,70.0
2023-07-06 12:38:56.188524+02:00,PC,GPU_temp,69.0
2023-07-06 12:39:07.274309+02:00,PC,GPU_temp,69.0
2023-07-06 12:39:17.377100+02:00,PC,GPU_temp,69.0
2023-07-06 12:39:28.478117+02:00,PC,GPU_temp,69.0
2023-07-06 12:39:38.834938+02:00,PC,GPU_temp,69.0
2023-07-06 12:39:48.904450+02:00,PC,GPU_temp,69.0
2023-07-06 12:40:00.037309+02:00,PC,GPU_temp,69.0
2023-07-06 12:40:10.117946+02:00,PC,GPU_temp,69.0
2023-07-06 12:40:21.242959+02:00,PC,GPU_temp,69.0
2023-07-06 12:40:31.321890+02:00,PC,GPU_temp,69.0
2023-07-06 12:40:42.373032+02:00,PC,GPU_temp,69.0
2023-07-06 12:40:52.716086+02:00,PC,GPU_temp,69.0
2023-07-06 12:41:02.780516+02:00,PC,GPU_temp,69.0
2023-07-06 12:41:13.909352+02:00,PC,GPU_temp,69.0
2023-07-06 12:41:23.973055+02:00,PC,GPU_temp,69.0
2023-07-06 12:41:35.075321+02:00,PC,GPU_temp,69.0
2023-07-06 12:41:45.159446+02:00,PC,GPU_temp,69.0
2023-07-06 12:41:56.215292+02:00,PC,GPU_temp,69.0
2023-07-06 12:42:06.330309+02:00,PC,GPU_temp,69.0
2023-07-06 12:42:17.464456+02:00,PC,GPU_temp,69.0
2023-07-06 12:42:27.529882+02:00,PC,GPU_temp,69.0
2023-07-06 12:42:38.581412+02:00,PC,GPU_temp,69.0
2023-07-06 12:42:48.637740+02:00,PC,GPU_temp,69.0
2023-07-06 12:42:59.762802+02:00,PC,GPU_temp,69.0
2023-07-06 12:43:10.172870+02:00,PC,GPU_temp,69.0
2023-07-06 12:43:20.220228+02:00,PC,GPU_temp,68.0
2023-07-06 12:43:31.366242+02:00,PC,GPU_temp,69.0
2023-07-06 12:43:41.412691+02:00,PC,GPU_temp,69.0
2023-07-06 12:43:52.499671+02:00,PC,GPU_temp,69.0
2023-07-06 12:44:02.572391+02:00,PC,GPU_temp,69.0
2023-07-06 12:44:13.707668+02:00,PC,GPU_temp,69.0
2023-07-06 12:44:23.733267+02:00,PC,GPU_temp,69.0
2023-07-06 12:44:34.838853+02:00,PC,GPU_temp,70.0
2023-07-06 12:44:44.910513+02:00,PC,GPU_temp,69.0
2023-07-06 12:44:56.018916+02:00,PC,GPU_temp,70.0
2023-07-06 12:45:06.078397+02:00,PC,GPU_temp,69.0
2023-07-06 12:45:17.192856+02:00,PC,GPU_temp,70.0
2023-07-06 12:45:27.241768+02:00,PC,GPU_temp,69.0
2023-07-06 12:45:38.375478+02:00,PC,GPU_temp,69.0
2023-07-06 12:45:48.413593+02:00,PC,GPU_temp,69.0
2023-07-06 12:45:59.549581+02:00,PC,GPU_temp,69.0
2023-07-06 12:46:09.623366+02:00,PC,GPU_temp,69.0
2023-07-06 12:46:20.825737+02:00,PC,GPU_temp,69.0
2023-07-06 12:46:30.842865+02:00,PC,GPU_temp,69.0
2023-07-06 12:46:41.987400+02:00,PC,GPU_temp,69.0
2023-07-06 12:46:52.037494+02:00,PC,GPU_temp,69.0
2023-07-06 12:47:03.117227+02:00,PC,GPU_temp,69.0
2023-07-06 12:47:13.203660+02:00,PC,GPU_temp,69.0
2023-07-06 12:47:24.271411+02:00,PC,GPU_temp,70.0
2023-07-06 12:47:34.373718+02:00,PC,GPU_temp,69.0
2023-07-06 12:47:45.456135+02:00,PC,GPU_temp,69.0
2023-07-06 12:47:55.541677+02:00,PC,GPU_temp,69.0
2023-07-06 12:48:06.614196+02:00,PC,GPU_temp,69.0
2023-07-06 12:48:16.703752+02:00,PC,GPU_temp,69.0
2023-07-06 12:48:27.798526+02:00,PC,GPU_temp,69.0
2023-07-06 12:48:37.867409+02:00,PC,GPU_temp,69.0
2023-07-06 12:48:48.990008+02:00,PC,GPU_temp,69.0
2023-07-06 12:48:59.065896+02:00,PC,GPU_temp,69.0
2023-07-06 12:49:10.181672+02:00,PC,GPU_temp,70.0
2023-07-06 12:49:20.221811+02:00,PC,GPU_temp,69.0
2023-07-06 12:49:31.356113+02:00,PC,GPU_temp,70.0
2023-07-06 12:49:41.397891+02:00,PC,GPU_temp,69.0
2023-07-06 12:49:52.520777+02:00,PC,GPU_temp,70.0
2023-07-06 12:50:02.613221+02:00,PC,GPU_temp,69.0
2023-07-06 12:50:13.704752+02:00,PC,GPU_temp,69.0
2023-07-06 12:50:23.791650+02:00,PC,GPU_temp,69.0
2023-07-06 12:50:34.910449+02:00,PC,GPU_temp,70.0
2023-07-06 12:50:44.925002+02:00,PC,GPU_temp,69.0
2023-07-06 12:50:56.057700+02:00,PC,GPU_temp,69.0
2023-07-06 12:51:06.104738+02:00,PC,GPU_temp,69.0
2023-07-06 12:51:17.218739+02:00,PC,GPU_temp,69.0
2023-07-06 12:51:27.607902+02:00,PC,GPU_temp,69.0
2023-07-06 12:51:37.687119+02:00,PC,GPU_temp,68.0
2023-07-06 12:51:48.809689+02:00,PC,GPU_temp,69.0
2023-07-06 12:51:58.884025+02:00,PC,GPU_temp,69.0
2023-07-06 12:52:09.981527+02:00,PC,GPU_temp,69.0
2023-07-06 12:52:20.055587+02:00,PC,GPU_temp,69.0
2023-07-06 12:52:31.200034+02:00,PC,GPU_temp,69.0
2023-07-06 12:52:41.633560+02:00,PC,GPU_temp,69.0
2023-07-06 12:52:51.695078+02:00,PC,GPU_temp,69.0
2023-07-06 12:53:02.768221+02:00,PC,GPU_temp,69.0
2023-07-06 12:53:12.806479+02:00,PC,GPU_temp,69.0
2023-07-06 12:53:23.905253+02:00,PC,GPU_temp,69.0
2023-07-06 12:53:33.984918+02:00,PC,GPU_temp,69.0
2023-07-06 12:53:45.103554+02:00,PC,GPU_temp,69.0
2023-07-06 12:53:55.154410+02:00,PC,GPU_temp,69.0
2023-07-06 12:54:06.290237+02:00,PC,GPU_temp,69.0
2023-07-06 12:54:16.315235+02:00,PC,GPU_temp,69.0
2023-07-06 12:54:27.412667+02:00,PC,GPU_temp,69.0
2023-07-06 12:54:37.488200+02:00,PC,GPU_temp,69.0
2023-07-06 12:54:48.598502+02:00,PC,GPU_temp,69.0
2023-07-06 12:54:58.991153+02:00,PC,GPU_temp,69.0
2023-07-06 12:55:09.062153+02:00,PC,GPU_temp,68.0
2023-07-06 12:55:20.204581+02:00,PC,GPU_temp,69.0
2023-07-06 12:55:30.222774+02:00,PC,GPU_temp,69.0
2023-07-06 12:55:41.348927+02:00,PC,GPU_temp,69.0
2023-07-06 12:55:51.427735+02:00,PC,GPU_temp,69.0
2023-07-06 12:56:02.514740+02:00,PC,GPU_temp,69.0
2023-07-06 12:56:12.566225+02:00,PC,GPU_temp,69.0
2023-07-06 12:56:23.716652+02:00,PC,GPU_temp,69.0
2023-07-06 12:56:34.126627+02:00,PC,GPU_temp,69.0
2023-07-06 12:56:44.489641+02:00,PC,GPU_temp,68.0
2023-07-06 12:56:54.568415+02:00,PC,GPU_temp,68.0
2023-07-06 12:57:05.733796+02:00,PC,GPU_temp,69.0
2023-07-06 12:57:15.783453+02:00,PC,GPU_temp,68.0
2023-07-06 12:57:26.899896+02:00,PC,GPU_temp,69.0
2023-07-06 12:57:36.961651+02:00,PC,GPU_temp,69.0
2023-07-06 12:57:48.101294+02:00,PC,GPU_temp,69.0
2023-07-06 12:57:58.210252+02:00,PC,GPU_temp,69.0
2023-07-06 12:58:09.317669+02:00,PC,GPU_temp,69.0
2023-07-06 12:58:19.647949+02:00,PC,GPU_temp,69.0
2023-07-06 12:58:29.720226+02:00,PC,GPU_temp,68.0
2023-07-06 12:58:40.833049+02:00,PC,GPU_temp,69.0
2023-07-06 12:58:50.918583+02:00,PC,GPU_temp,69.0
2023-07-06 12:59:02.091290+02:00,PC,GPU_temp,69.0
2023-07-06 12:59:12.132385+02:00,PC,GPU_temp,69.0
2023-07-06 12:59:23.244527+02:00,PC,GPU_temp,69.0
2023-07-06 12:59:33.626247+02:00,PC,GPU_temp,69.0
2023-07-06 12:59:43.697156+02:00,PC,GPU_temp,68.0
2023-07-06 12:59:54.860335+02:00,PC,GPU_temp,69.0
2023-07-06 13:00:04.848206+02:00,PC,GPU_temp,69.0
2023-07-06 13:00:15.955365+02:00,PC,GPU_temp,70.0
2023-07-06 13:00:26.001812+02:00,PC,GPU_temp,69.0
2023-07-06 13:00:37.089695+02:00,PC,GPU_temp,70.0
2023-07-06 13:00:47.477922+02:00,PC,GPU_temp,69.0
2023-07-06 13:00:57.568894+02:00,PC,GPU_temp,68.0
2023-07-06 13:01:08.681016+02:00,PC,GPU_temp,69.0
2023-07-06 13:01:18.749563+02:00,PC,GPU_temp,68.0
2023-07-06 13:01:29.848715+02:00,PC,GPU_temp,69.0
2023-07-06 13:01:40.191523+02:00,PC,GPU_temp,69.0
2023-07-06 13:01:50.270457+02:00,PC,GPU_temp,68.0
2023-07-06 13:02:01.379448+02:00,PC,GPU_temp,69.0
2023-07-06 13:02:11.488802+02:00,PC,GPU_temp,69.0
2023-07-06 13:02:22.567360+02:00,PC,GPU_temp,69.0
2023-07-06 13:02:32.886388+02:00,PC,GPU_temp,69.0
2023-07-06 13:02:42.993230+02:00,PC,GPU_temp,69.0
2023-07-06 13:02:54.103263+02:00,PC,GPU_temp,69.0
2023-07-06 13:03:04.167633+02:00,PC,GPU_temp,69.0
2023-07-06 13:03:15.257047+02:00,PC,GPU_temp,69.0
2023-07-06 13:03:25.303554+02:00,PC,GPU_temp,69.0
2023-07-06 13:03:36.430982+02:00,PC,GPU_temp,70.0
2023-07-06 13:03:46.463257+02:00,PC,GPU_temp,69.0
2023-07-06 13:03:57.559707+02:00,PC,GPU_temp,69.0
2023-07-06 13:04:07.628994+02:00,PC,GPU_temp,69.0
2023-07-06 13:04:18.892979+02:00,PC,GPU_temp,69.0
2023-07-06 13:04:28.937803+02:00,PC,GPU_temp,69.0
2023-07-06 13:04:40.081780+02:00,PC,GPU_temp,69.0
2023-07-06 13:04:50.529952+02:00,PC,GPU_temp,69.0
2023-07-06 13:05:00.842050+02:00,PC,GPU_temp,68.0
2023-07-06 13:05:10.926160+02:00,PC,GPU_temp,68.0
2023-07-06 13:05:22.051687+02:00,PC,GPU_temp,68.0
2023-07-06 13:05:32.085929+02:00,PC,GPU_temp,68.0
2023-07-06 13:05:43.175444+02:00,PC,GPU_temp,69.0
2023-07-06 13:05:53.270282+02:00,PC,GPU_temp,69.0
2023-07-06 13:06:04.345709+02:00,PC,GPU_temp,70.0
2023-07-06 13:06:14.385741+02:00,PC,GPU_temp,69.0
2023-07-06 13:06:25.510522+02:00,PC,GPU_temp,70.0
2023-07-06 13:06:35.587960+02:00,PC,GPU_temp,69.0
2023-07-06 13:06:46.712861+02:00,PC,GPU_temp,70.0
2023-07-06 13:06:56.786303+02:00,PC,GPU_temp,69.0
2023-07-06 13:07:07.896724+02:00,PC,GPU_temp,70.0
2023-07-06 13:07:17.917220+02:00,PC,GPU_temp,69.0
2023-07-06 13:07:29.076176+02:00,PC,GPU_temp,70.0
2023-07-06 13:07:39.430326+02:00,PC,GPU_temp,69.0
2023-07-06 13:07:49.505100+02:00,PC,GPU_temp,68.0
2023-07-06 13:08:00.617157+02:00,PC,GPU_temp,69.0
2023-07-06 13:08:10.688818+02:00,PC,GPU_temp,68.0
2023-07-06 13:08:21.813811+02:00,PC,GPU_temp,69.0
2023-07-06 13:08:31.846448+02:00,PC,GPU_temp,69.0
2023-07-06 13:08:43.008979+02:00,PC,GPU_temp,69.0
2023-07-06 13:08:53.037180+02:00,PC,GPU_temp,69.0
2023-07-06 13:09:04.132798+02:00,PC,GPU_temp,69.0
2023-07-06 13:09:14.163629+02:00,PC,GPU_temp,69.0
2023-07-06 13:09:25.286100+02:00,PC,GPU_temp,69.0
2023-07-06 13:09:35.367990+02:00,PC,GPU_temp,69.0
2023-07-06 13:09:46.463185+02:00,PC,GPU_temp,69.0
2023-07-06 13:09:56.513895+02:00,PC,GPU_temp,68.0
2023-07-06 13:10:07.644579+02:00,PC,GPU_temp,69.0
2023-07-06 13:10:17.682700+02:00,PC,GPU_temp,69.0
2023-07-06 13:10:28.790090+02:00,PC,GPU_temp,70.0
2023-07-06 13:10:38.864048+02:00,PC,GPU_temp,69.0
2023-07-06 13:10:49.971044+02:00,PC,GPU_temp,69.0
2023-07-06 13:11:00.044948+02:00,PC,GPU_temp,69.0
2023-07-06 13:11:11.210531+02:00,PC,GPU_temp,69.0
2023-07-06 13:11:21.223347+02:00,PC,GPU_temp,69.0
2023-07-06 13:11:32.378198+02:00,PC,GPU_temp,69.0
2023-07-06 13:11:42.462207+02:00,PC,GPU_temp,69.0
2023-07-06 13:11:53.563298+02:00,PC,GPU_temp,69.0
2023-07-06 13:12:03.642979+02:00,PC,GPU_temp,69.0
2023-07-06 13:12:14.742841+02:00,PC,GPU_temp,69.0
2023-07-06 13:12:24.783607+02:00,PC,GPU_temp,69.0
2023-07-06 13:12:35.869524+02:00,PC,GPU_temp,69.0
2023-07-06 13:12:45.960472+02:00,PC,GPU_temp,69.0
2023-07-06 13:12:57.063499+02:00,PC,GPU_temp,70.0
2023-07-06 13:13:07.129201+02:00,PC,GPU_temp,69.0
2023-07-06 13:13:18.269914+02:00,PC,GPU_temp,69.0
2023-07-06 13:13:28.324345+02:00,PC,GPU_temp,69.0
2023-07-06 13:13:39.467830+02:00,PC,GPU_temp,69.0
2023-07-06 13:13:49.520620+02:00,PC,GPU_temp,69.0
2023-07-06 13:14:00.644115+02:00,PC,GPU_temp,70.0
2023-07-06 13:14:11.007492+02:00,PC,GPU_temp,69.0
2023-07-06 13:14:21.109948+02:00,PC,GPU_temp,69.0
2023-07-06 13:14:32.205437+02:00,PC,GPU_temp,69.0
2023-07-06 13:14:42.278559+02:00,PC,GPU_temp,69.0
2023-07-06 13:14:53.426240+02:00,PC,GPU_temp,69.0
2023-07-06 13:15:03.478045+02:00,PC,GPU_temp,68.0
2023-07-06 13:15:14.584829+02:00,PC,GPU_temp,69.0
2023-07-06 13:15:24.629783+02:00,PC,GPU_temp,69.0
2023-07-06 13:15:35.733364+02:00,PC,GPU_temp,70.0
2023-07-06 13:15:45.849792+02:00,PC,GPU_temp,69.0
2023-07-06 13:15:56.977929+02:00,PC,GPU_temp,70.0
2023-07-06 13:16:07.041852+02:00,PC,GPU_temp,69.0
2023-07-06 13:16:18.154469+02:00,PC,GPU_temp,69.0
2023-07-06 13:16:28.193505+02:00,PC,GPU_temp,69.0
2023-07-06 13:16:39.334839+02:00,PC,GPU_temp,70.0
2023-07-06 13:16:49.456483+02:00,PC,GPU_temp,69.0
2023-07-06 13:17:00.521932+02:00,PC,GPU_temp,70.0
2023-07-06 13:17:10.585687+02:00,PC,GPU_temp,69.0
2023-07-06 13:17:21.697665+02:00,PC,GPU_temp,69.0
2023-07-06 13:17:31.753330+02:00,PC,GPU_temp,69.0
2023-07-06 13:17:42.874952+02:00,PC,GPU_temp,70.0
2023-07-06 13:17:52.914127+02:00,PC,GPU_temp,69.0
2023-07-06 13:18:04.025423+02:00,PC,GPU_temp,69.0
2023-07-06 13:18:14.076309+02:00,PC,GPU_temp,69.0
2023-07-06 13:18:25.165210+02:00,PC,GPU_temp,70.0
2023-07-06 13:18:35.215332+02:00,PC,GPU_temp,69.0
2023-07-06 13:18:46.326651+02:00,PC,GPU_temp,70.0
2023-07-06 13:18:56.410156+02:00,PC,GPU_temp,69.0
2023-07-06 13:19:07.513775+02:00,PC,GPU_temp,69.0
2023-07-06 13:19:17.578664+02:00,PC,GPU_temp,69.0
2023-07-06 13:19:28.693773+02:00,PC,GPU_temp,69.0
2023-07-06 13:19:38.756564+02:00,PC,GPU_temp,69.0
2023-07-06 13:19:49.959837+02:00,PC,GPU_temp,69.0
2023-07-06 13:20:00.003524+02:00,PC,GPU_temp,69.0
2023-07-06 13:20:11.090801+02:00,PC,GPU_temp,69.0
2023-07-06 13:20:21.145350+02:00,PC,GPU_temp,69.0
2023-07-06 13:20:32.310753+02:00,PC,GPU_temp,69.0
2023-07-06 13:20:42.382544+02:00,PC,GPU_temp,68.0
2023-07-06 13:20:53.506659+02:00,PC,GPU_temp,69.0
2023-07-06 13:21:03.551365+02:00,PC,GPU_temp,68.0
2023-07-06 13:21:14.676582+02:00,PC,GPU_temp,69.0
2023-07-06 13:21:24.710979+02:00,PC,GPU_temp,69.0
2023-07-06 13:21:35.837094+02:00,PC,GPU_temp,70.0
2023-07-06 13:21:45.910521+02:00,PC,GPU_temp,69.0
2023-07-06 13:21:56.991445+02:00,PC,GPU_temp,70.0
2023-07-06 13:22:07.021095+02:00,PC,GPU_temp,69.0
2023-07-06 13:22:18.179422+02:00,PC,GPU_temp,69.0
2023-07-06 13:22:28.229582+02:00,PC,GPU_temp,69.0
2023-07-06 13:22:39.332993+02:00,PC,GPU_temp,69.0
2023-07-06 13:22:49.379700+02:00,PC,GPU_temp,69.0
2023-07-06 13:23:00.496454+02:00,PC,GPU_temp,69.0
2023-07-06 13:23:10.564767+02:00,PC,GPU_temp,69.0
2023-07-06 13:23:21.673563+02:00,PC,GPU_temp,69.0
2023-07-06 13:23:31.687129+02:00,PC,GPU_temp,69.0
2023-07-06 13:23:42.809139+02:00,PC,GPU_temp,69.0
2023-07-06 13:23:52.835778+02:00,PC,GPU_temp,69.0
2023-07-06 13:24:03.957653+02:00,PC,GPU_temp,69.0
2023-07-06 13:24:14.023799+02:00,PC,GPU_temp,69.0
2023-07-06 13:24:25.099488+02:00,PC,GPU_temp,69.0
2023-07-06 13:24:35.150211+02:00,PC,GPU_temp,69.0
2023-07-06 13:24:46.277358+02:00,PC,GPU_temp,69.0
2023-07-06 13:24:56.334346+02:00,PC,GPU_temp,69.0
2023-07-06 13:25:07.474173+02:00,PC,GPU_temp,69.0
2023-07-06 13:25:17.540251+02:00,PC,GPU_temp,69.0
2023-07-06 13:25:28.641048+02:00,PC,GPU_temp,69.0
2023-07-06 13:25:38.693707+02:00,PC,GPU_temp,69.0
2023-07-06 13:25:49.830978+02:00,PC,GPU_temp,69.0
2023-07-06 13:25:59.923108+02:00,PC,GPU_temp,68.0
2023-07-06 13:26:11.062592+02:00,PC,GPU_temp,69.0
2023-07-06 13:26:21.116569+02:00,PC,GPU_temp,69.0
2023-07-06 13:26:32.217163+02:00,PC,GPU_temp,69.0
2023-07-06 13:26:42.282473+02:00,PC,GPU_temp,69.0
2023-07-06 13:26:53.414433+02:00,PC,GPU_temp,69.0
2023-07-06 13:27:03.441233+02:00,PC,GPU_temp,69.0
2023-07-06 13:27:14.574262+02:00,PC,GPU_temp,69.0
2023-07-06 13:27:24.607197+02:00,PC,GPU_temp,69.0
2023-07-06 13:27:35.719957+02:00,PC,GPU_temp,69.0
2023-07-06 13:27:45.771999+02:00,PC,GPU_temp,69.0
2023-07-06 13:27:56.881028+02:00,PC,GPU_temp,69.0
2023-07-06 13:28:06.950810+02:00,PC,GPU_temp,69.0
2023-07-06 13:28:18.063611+02:00,PC,GPU_temp,69.0
2023-07-06 13:28:28.119863+02:00,PC,GPU_temp,69.0
2023-07-06 13:28:39.229738+02:00,PC,GPU_temp,69.0
2023-07-06 13:28:49.260325+02:00,PC,GPU_temp,69.0
2023-07-06 13:29:00.497937+02:00,PC,GPU_temp,69.0
2023-07-06 13:29:10.536043+02:00,PC,GPU_temp,69.0
2023-07-06 13:29:21.632436+02:00,PC,GPU_temp,69.0
2023-07-06 13:29:31.637662+02:00,PC,GPU_temp,69.0
2023-07-06 13:29:42.786425+02:00,PC,GPU_temp,69.0
2023-07-06 13:29:52.881323+02:00,PC,GPU_temp,69.0
2023-07-06 13:30:04.017949+02:00,PC,GPU_temp,69.0
2023-07-06 13:30:14.067791+02:00,PC,GPU_temp,69.0
2023-07-06 13:30:25.170192+02:00,PC,GPU_temp,69.0
2023-07-06 13:30:35.260079+02:00,PC,GPU_temp,69.0
2023-07-06 13:30:46.350848+02:00,PC,GPU_temp,70.0
2023-07-06 13:30:56.731248+02:00,PC,GPU_temp,69.0
2023-07-06 13:31:06.765989+02:00,PC,GPU_temp,68.0
2023-07-06 13:31:17.852635+02:00,PC,GPU_temp,69.0
2023-07-06 13:31:27.931338+02:00,PC,GPU_temp,68.0
2023-07-06 13:31:39.072238+02:00,PC,GPU_temp,69.0
2023-07-06 13:31:49.149062+02:00,PC,GPU_temp,69.0
2023-07-06 13:32:00.284301+02:00,PC,GPU_temp,70.0
2023-07-06 13:32:10.361445+02:00,PC,GPU_temp,69.0
2023-07-06 13:32:21.460795+02:00,PC,GPU_temp,70.0
2023-07-06 13:32:31.516981+02:00,PC,GPU_temp,69.0
2023-07-06 13:32:42.602805+02:00,PC,GPU_temp,69.0
2023-07-06 13:32:52.940908+02:00,PC,GPU_temp,69.0
2023-07-06 13:33:03.006329+02:00,PC,GPU_temp,68.0
2023-07-06 13:33:14.110612+02:00,PC,GPU_temp,69.0
2023-07-06 13:33:24.230858+02:00,PC,GPU_temp,69.0
2023-07-06 13:33:35.319402+02:00,PC,GPU_temp,69.0
2023-07-06 13:33:45.389859+02:00,PC,GPU_temp,69.0
2023-07-06 13:33:56.489150+02:00,PC,GPU_temp,69.0
2023-07-06 13:34:06.843880+02:00,PC,GPU_temp,69.0
2023-07-06 13:34:16.904536+02:00,PC,GPU_temp,68.0
2023-07-06 13:34:28.024425+02:00,PC,GPU_temp,69.0
2023-07-06 13:34:38.062770+02:00,PC,GPU_temp,69.0
2023-07-06 13:34:49.150321+02:00,PC,GPU_temp,69.0
2023-07-06 13:34:59.218204+02:00,PC,GPU_temp,69.0
2023-07-06 13:35:10.315005+02:00,PC,GPU_temp,70.0
2023-07-06 13:35:20.388110+02:00,PC,GPU_temp,69.0
2023-07-06 13:35:31.521892+02:00,PC,GPU_temp,70.0
2023-07-06 13:35:41.878111+02:00,PC,GPU_temp,69.0
2023-07-06 13:35:51.912338+02:00,PC,GPU_temp,68.0
2023-07-06 13:36:03.068915+02:00,PC,GPU_temp,69.0
2023-07-06 13:36:13.090047+02:00,PC,GPU_temp,68.0
2023-07-06 13:36:24.209420+02:00,PC,GPU_temp,69.0
2023-07-06 13:36:34.263337+02:00,PC,GPU_temp,69.0
2023-07-06 13:36:45.359653+02:00,PC,GPU_temp,70.0
2023-07-06 13:36:55.404227+02:00,PC,GPU_temp,69.0
2023-07-06 13:37:06.552723+02:00,PC,GPU_temp,69.0
2023-07-06 13:37:16.603202+02:00,PC,GPU_temp,69.0
2023-07-06 13:37:27.682269+02:00,PC,GPU_temp,69.0
2023-07-06 13:37:38.065489+02:00,PC,GPU_temp,69.0
2023-07-06 13:37:48.463713+02:00,PC,GPU_temp,68.0
2023-07-06 13:37:58.501988+02:00,PC,GPU_temp,68.0
2023-07-06 13:38:09.605986+02:00,PC,GPU_temp,69.0
2023-07-06 13:38:19.639776+02:00,PC,GPU_temp,68.0
2023-07-06 13:38:30.757591+02:00,PC,GPU_temp,69.0
2023-07-06 13:38:40.844265+02:00,PC,GPU_temp,69.0
2023-07-06 13:38:51.936813+02:00,PC,GPU_temp,70.0
2023-07-06 13:39:02.042451+02:00,PC,GPU_temp,69.0
2023-07-06 13:39:13.162286+02:00,PC,GPU_temp,69.0
2023-07-06 13:39:23.195517+02:00,PC,GPU_temp,69.0
2023-07-06 13:39:34.316306+02:00,PC,GPU_temp,69.0
2023-07-06 13:39:44.351830+02:00,PC,GPU_temp,69.0
2023-07-06 13:39:55.444369+02:00,PC,GPU_temp,69.0
2023-07-06 13:40:05.553775+02:00,PC,GPU_temp,69.0
2023-07-06 13:40:16.625286+02:00,PC,GPU_temp,69.0
2023-07-06 13:40:26.689606+02:00,PC,GPU_temp,69.0
2023-07-06 13:40:37.797954+02:00,PC,GPU_temp,69.0
2023-07-06 13:40:47.839700+02:00,PC,GPU_temp,69.0
2023-07-06 13:40:58.932516+02:00,PC,GPU_temp,69.0
2023-07-06 13:41:09.245215+02:00,PC,GPU_temp,69.0
2023-07-06 13:41:19.273715+02:00,PC,GPU_temp,68.0
2023-07-06 13:41:30.394363+02:00,PC,GPU_temp,69.0
2023-07-06 13:41:40.489115+02:00,PC,GPU_temp,69.0
2023-07-06 13:41:51.619733+02:00,PC,GPU_temp,69.0
2023-07-06 13:42:01.688595+02:00,PC,GPU_temp,69.0
2023-07-06 13:42:12.779584+02:00,PC,GPU_temp,69.0
2023-07-06 13:42:23.201555+02:00,PC,GPU_temp,69.0
2023-07-06 13:42:33.226036+02:00,PC,GPU_temp,68.0
2023-07-06 13:42:44.370213+02:00,PC,GPU_temp,69.0
2023-07-06 13:42:54.418111+02:00,PC,GPU_temp,68.0
2023-07-06 13:43:05.562122+02:00,PC,GPU_temp,69.0
2023-07-06 13:43:15.596327+02:00,PC,GPU_temp,69.0
2023-07-06 13:43:26.726388+02:00,PC,GPU_temp,70.0
2023-07-06 13:43:36.773356+02:00,PC,GPU_temp,69.0
2023-07-06 13:43:47.903984+02:00,PC,GPU_temp,70.0
2023-07-06 13:43:57.963570+02:00,PC,GPU_temp,69.0
2023-07-06 13:44:09.082724+02:00,PC,GPU_temp,70.0
2023-07-06 13:44:19.419428+02:00,PC,GPU_temp,69.0
2023-07-06 13:44:29.497127+02:00,PC,GPU_temp,68.0
2023-07-06 13:44:40.613491+02:00,PC,GPU_temp,69.0
2023-07-06 13:44:50.643246+02:00,PC,GPU_temp,69.0
2023-07-06 13:45:01.759102+02:00,PC,GPU_temp,69.0
2023-07-06 13:45:11.820395+02:00,PC,GPU_temp,69.0
2023-07-06 13:45:22.934550+02:00,PC,GPU_temp,69.0
2023-07-06 13:45:33.280603+02:00,PC,GPU_temp,69.0
2023-07-06 13:45:43.356950+02:00,PC,GPU_temp,69.0
2023-07-06 13:45:54.484159+02:00,PC,GPU_temp,69.0
2023-07-06 13:46:04.540416+02:00,PC,GPU_temp,69.0
2023-07-06 13:46:15.665674+02:00,PC,GPU_temp,69.0
2023-07-06 13:46:25.755944+02:00,PC,GPU_temp,69.0
2023-07-06 13:46:36.851767+02:00,PC,GPU_temp,69.0
2023-07-06 13:46:47.222641+02:00,PC,GPU_temp,69.0
2023-07-06 13:46:57.277170+02:00,PC,GPU_temp,68.0
2023-07-06 13:47:08.392869+02:00,PC,GPU_temp,69.0
2023-07-06 13:47:18.725429+02:00,PC,GPU_temp,69.0
2023-07-06 13:47:29.087528+02:00,PC,GPU_temp,69.0
2023-07-06 13:47:39.204623+02:00,PC,GPU_temp,68.0
2023-07-06 13:47:50.323735+02:00,PC,GPU_temp,68.0
2023-07-06 13:48:00.365668+02:00,PC,GPU_temp,68.0
2023-07-06 13:48:11.506147+02:00,PC,GPU_temp,69.0
2023-07-06 13:48:21.817991+02:00,PC,GPU_temp,69.0
2023-07-06 13:48:31.889964+02:00,PC,GPU_temp,70.0
2023-07-06 13:48:43.005080+02:00,PC,GPU_temp,69.0
2023-07-06 13:48:53.042000+02:00,PC,GPU_temp,69.0
2023-07-06 13:49:04.188605+02:00,PC,GPU_temp,70.0
2023-07-06 13:49:14.227444+02:00,PC,GPU_temp,69.0
2023-07-06 13:49:25.373592+02:00,PC,GPU_temp,69.0
2023-07-06 13:49:35.434214+02:00,PC,GPU_temp,69.0
2023-07-06 13:49:46.512822+02:00,PC,GPU_temp,69.0
2023-07-06 13:49:56.579627+02:00,PC,GPU_temp,69.0
2023-07-06 13:50:07.664605+02:00,PC,GPU_temp,69.0
2023-07-06 13:50:17.696891+02:00,PC,GPU_temp,69.0
2023-07-06 13:50:28.784358+02:00,PC,GPU_temp,69.0
2023-07-06 13:50:39.135802+02:00,PC,GPU_temp,69.0
2023-07-06 13:50:49.525249+02:00,PC,GPU_temp,68.0
2023-07-06 13:50:59.575976+02:00,PC,GPU_temp,68.0
2023-07-06 13:51:10.693795+02:00,PC,GPU_temp,69.0
2023-07-06 13:51:20.771251+02:00,PC,GPU_temp,68.0
2023-07-06 13:51:31.894400+02:00,PC,GPU_temp,69.0
2023-07-06 13:51:41.967435+02:00,PC,GPU_temp,69.0
2023-07-06 13:51:53.019557+02:00,PC,GPU_temp,70.0
2023-07-06 13:52:03.372366+02:00,PC,GPU_temp,69.0
2023-07-06 13:52:13.472910+02:00,PC,GPU_temp,69.0
2023-07-06 13:52:24.609841+02:00,PC,GPU_temp,69.0
2023-07-06 13:52:34.671721+02:00,PC,GPU_temp,69.0
2023-07-06 13:52:45.768623+02:00,PC,GPU_temp,69.0
2023-07-06 13:52:55.832828+02:00,PC,GPU_temp,69.0
2023-07-06 13:53:06.939141+02:00,PC,GPU_temp,69.0
2023-07-06 13:53:16.992156+02:00,PC,GPU_temp,69.0
2023-07-06 13:53:28.036234+02:00,PC,GPU_temp,69.0
2023-07-06 13:53:38.126773+02:00,PC,GPU_temp,69.0
2023-07-06 13:53:49.207670+02:00,PC,GPU_temp,69.0
2023-07-06 13:53:59.271226+02:00,PC,GPU_temp,69.0
2023-07-06 13:54:10.375327+02:00,PC,GPU_temp,69.0
2023-07-06 13:54:20.428931+02:00,PC,GPU_temp,69.0
2023-07-06 13:54:31.577441+02:00,PC,GPU_temp,70.0
2023-07-06 13:54:41.632624+02:00,PC,GPU_temp,69.0
2023-07-06 13:54:52.758189+02:00,PC,GPU_temp,70.0
2023-07-06 13:55:02.810195+02:00,PC,GPU_temp,69.0
2023-07-06 13:55:13.965079+02:00,PC,GPU_temp,69.0
2023-07-06 13:55:24.011676+02:00,PC,GPU_temp,69.0
2023-07-06 13:55:35.128617+02:00,PC,GPU_temp,69.0
2023-07-06 13:55:45.203780+02:00,PC,GPU_temp,69.0
2023-07-06 13:55:56.297702+02:00,PC,GPU_temp,69.0
2023-07-06 13:56:06.378982+02:00,PC,GPU_temp,69.0
2023-07-06 13:56:17.479277+02:00,PC,GPU_temp,69.0
2023-07-06 13:56:27.863699+02:00,PC,GPU_temp,69.0
2023-07-06 13:56:37.910860+02:00,PC,GPU_temp,68.0
2023-07-06 13:56:49.008462+02:00,PC,GPU_temp,69.0
2023-07-06 13:56:59.404735+02:00,PC,GPU_temp,69.0
2023-07-06 13:57:09.463567+02:00,PC,GPU_temp,68.0
2023-07-06 13:57:20.527933+02:00,PC,GPU_temp,69.0
2023-07-06 13:57:30.612888+02:00,PC,GPU_temp,69.0
2023-07-06 13:57:41.724511+02:00,PC,GPU_temp,69.0
2023-07-06 13:57:52.074646+02:00,PC,GPU_temp,69.0
2023-07-06 13:58:02.164506+02:00,PC,GPU_temp,69.0
2023-07-06 13:58:13.260757+02:00,PC,GPU_temp,69.0
2023-07-06 13:58:23.297287+02:00,PC,GPU_temp,69.0
2023-07-06 13:58:34.438366+02:00,PC,GPU_temp,70.0
2023-07-06 13:58:44.561724+02:00,PC,GPU_temp,69.0
2023-07-06 13:58:55.596870+02:00,PC,GPU_temp,70.0
2023-07-06 13:59:06.008374+02:00,PC,GPU_temp,70.0
2023-07-06 13:59:16.419360+02:00,PC,GPU_temp,69.0
2023-07-06 13:59:26.457464+02:00,PC,GPU_temp,68.0
2023-07-06 13:59:37.560873+02:00,PC,GPU_temp,69.0
2023-07-06 13:59:47.640768+02:00,PC,GPU_temp,68.0
2023-07-06 13:59:58.746322+02:00,PC,GPU_temp,69.0
2023-07-06 14:00:08.765335+02:00,PC,GPU_temp,69.0
2023-07-06 14:00:19.891194+02:00,PC,GPU_temp,69.0
2023-07-06 14:00:29.954016+02:00,PC,GPU_temp,69.0
2023-07-06 14:00:41.026983+02:00,PC,GPU_temp,69.0
2023-07-06 14:00:51.073720+02:00,PC,GPU_temp,69.0
2023-07-06 14:01:02.223540+02:00,PC,GPU_temp,70.0
2023-07-06 14:01:12.295627+02:00,PC,GPU_temp,69.0
2023-07-06 14:01:23.401629+02:00,PC,GPU_temp,69.0
2023-07-06 14:01:33.469017+02:00,PC,GPU_temp,69.0
2023-07-06 14:01:44.557013+02:00,PC,GPU_temp,69.0
2023-07-06 14:01:54.570208+02:00,PC,GPU_temp,69.0
2023-07-06 14:02:05.718684+02:00,PC,GPU_temp,69.0
2023-07-06 14:02:15.812858+02:00,PC,GPU_temp,70.0
2023-07-06 14:02:25.815905+02:00,PC,GPU_temp,69.0
2023-07-06 14:02:36.934381+02:00,PC,GPU_temp,69.0
2023-07-06 14:02:46.965844+02:00,PC,GPU_temp,68.0
2023-07-06 14:02:58.075774+02:00,PC,GPU_temp,69.0
2023-07-06 14:03:08.127160+02:00,PC,GPU_temp,69.0
2023-07-06 14:03:19.213997+02:00,PC,GPU_temp,69.0
2023-07-06 14:03:29.277836+02:00,PC,GPU_temp,69.0
2023-07-06 14:03:40.358086+02:00,PC,GPU_temp,70.0
2023-07-06 14:03:50.462254+02:00,PC,GPU_temp,69.0
2023-07-06 14:04:01.292816+02:00,PC,GPU_temp,69.0
2023-07-06 14:04:11.396309+02:00,PC,GPU_temp,68.0
2023-07-06 14:04:21.455935+02:00,PC,GPU_temp,69.0
2023-07-06 14:04:32.248624+02:00,PC,GPU_temp,69.0
2023-07-06 14:04:42.338392+02:00,PC,GPU_temp,68.0
2023-07-06 14:04:53.436313+02:00,PC,GPU_temp,69.0
2023-07-06 14:05:03.510254+02:00,PC,GPU_temp,68.0
2023-07-06 14:05:14.593779+02:00,PC,GPU_temp,69.0
2023-07-06 14:05:24.676143+02:00,PC,GPU_temp,69.0
2023-07-06 14:05:35.826698+02:00,PC,GPU_temp,69.0
2023-07-06 14:05:45.896219+02:00,PC,GPU_temp,68.0
2023-07-06 14:05:56.969094+02:00,PC,GPU_temp,69.0
2023-07-06 14:06:07.040403+02:00,PC,GPU_temp,68.0
2023-07-06 14:06:18.115876+02:00,PC,GPU_temp,70.0
2023-07-06 14:06:28.136912+02:00,PC,GPU_temp,69.0
2023-07-06 14:06:39.248558+02:00,PC,GPU_temp,70.0
2023-07-06 14:06:49.597118+02:00,PC,GPU_temp,69.0
2023-07-06 14:06:59.972699+02:00,PC,GPU_temp,69.0
2023-07-06 14:07:10.034203+02:00,PC,GPU_temp,68.0
2023-07-06 14:07:20.149229+02:00,PC,GPU_temp,68.0
2023-07-06 14:07:30.958956+02:00,PC,GPU_temp,69.0
2023-07-06 14:07:41.043888+02:00,PC,GPU_temp,68.0
2023-07-06 14:07:52.127389+02:00,PC,GPU_temp,69.0
2023-07-06 14:08:02.182104+02:00,PC,GPU_temp,68.0
2023-07-06 14:08:13.321200+02:00,PC,GPU_temp,69.0
2023-07-06 14:08:23.352272+02:00,PC,GPU_temp,69.0
2023-07-06 14:08:34.484039+02:00,PC,GPU_temp,70.0
2023-07-06 14:08:44.537306+02:00,PC,GPU_temp,69.0
2023-07-06 14:08:55.705976+02:00,PC,GPU_temp,70.0
2023-07-06 14:09:05.758052+02:00,PC,GPU_temp,69.0
2023-07-06 14:09:16.869340+02:00,PC,GPU_temp,70.0
2023-07-06 14:09:27.240379+02:00,PC,GPU_temp,69.0
2023-07-06 14:09:37.350463+02:00,PC,GPU_temp,69.0
2023-07-06 14:09:48.452923+02:00,PC,GPU_temp,69.0
2023-07-06 14:09:58.488298+02:00,PC,GPU_temp,68.0
2023-07-06 14:10:09.603313+02:00,PC,GPU_temp,69.0
2023-07-06 14:10:19.648556+02:00,PC,GPU_temp,69.0
2023-07-06 14:10:30.751129+02:00,PC,GPU_temp,69.0
2023-07-06 14:10:40.809765+02:00,PC,GPU_temp,69.0
2023-07-06 14:10:51.866258+02:00,PC,GPU_temp,69.0
2023-07-06 14:11:01.946329+02:00,PC,GPU_temp,69.0
2023-07-06 14:11:13.084895+02:00,PC,GPU_temp,70.0
2023-07-06 14:11:23.185614+02:00,PC,GPU_temp,69.0
2023-07-06 14:11:34.264827+02:00,PC,GPU_temp,69.0
2023-07-06 14:11:44.314150+02:00,PC,GPU_temp,68.0
2023-07-06 14:11:55.434571+02:00,PC,GPU_temp,69.0
2023-07-06 14:12:05.521651+02:00,PC,GPU_temp,68.0
2023-07-06 14:12:16.668453+02:00,PC,GPU_temp,69.0
2023-07-06 14:12:26.714147+02:00,PC,GPU_temp,69.0
2023-07-06 14:12:37.810713+02:00,PC,GPU_temp,69.0
2023-07-06 14:12:47.850763+02:00,PC,GPU_temp,69.0
2023-07-06 14:12:58.982914+02:00,PC,GPU_temp,69.0
2023-07-06 14:13:09.014352+02:00,PC,GPU_temp,69.0
2023-07-06 14:13:20.165027+02:00,PC,GPU_temp,70.0
2023-07-06 14:13:30.215959+02:00,PC,GPU_temp,69.0
2023-07-06 14:13:41.305575+02:00,PC,GPU_temp,69.0
2023-07-06 14:13:51.384899+02:00,PC,GPU_temp,69.0
2023-07-06 14:14:02.497760+02:00,PC,GPU_temp,69.0
2023-07-06 14:14:12.527832+02:00,PC,GPU_temp,68.0
2023-07-06 14:14:23.662656+02:00,PC,GPU_temp,69.0
2023-07-06 14:14:34.024841+02:00,PC,GPU_temp,69.0
2023-07-06 14:14:44.095484+02:00,PC,GPU_temp,68.0
2023-07-06 14:14:55.175667+02:00,PC,GPU_temp,69.0
2023-07-06 14:15:05.243630+02:00,PC,GPU_temp,69.0
2023-07-06 14:15:16.354479+02:00,PC,GPU_temp,70.0
2023-07-06 14:15:26.427367+02:00,PC,GPU_temp,69.0
2023-07-06 14:15:37.505226+02:00,PC,GPU_temp,70.0
2023-07-06 14:15:47.528739+02:00,PC,GPU_temp,69.0
2023-07-06 14:15:58.680065+02:00,PC,GPU_temp,69.0
2023-07-06 14:16:09.026959+02:00,PC,GPU_temp,69.0
2023-07-06 14:16:19.100660+02:00,PC,GPU_temp,68.0
2023-07-06 14:16:30.194333+02:00,PC,GPU_temp,69.0
2023-07-06 14:16:40.531680+02:00,PC,GPU_temp,69.0
2023-07-06 14:16:50.594920+02:00,PC,GPU_temp,68.0
2023-07-06 14:17:01.637595+02:00,PC,GPU_temp,69.0
2023-07-06 14:17:11.710962+02:00,PC,GPU_temp,68.0
2023-07-06 14:17:22.796093+02:00,PC,GPU_temp,70.0
2023-07-06 14:17:32.863456+02:00,PC,GPU_temp,69.0
2023-07-06 14:17:43.976279+02:00,PC,GPU_temp,70.0
2023-07-06 14:17:54.021115+02:00,PC,GPU_temp,69.0
2023-07-06 14:18:05.134097+02:00,PC,GPU_temp,69.0
2023-07-06 14:18:15.212310+02:00,PC,GPU_temp,69.0
2023-07-06 14:18:26.356672+02:00,PC,GPU_temp,69.0
2023-07-06 14:18:36.386007+02:00,PC,GPU_temp,69.0
2023-07-06 14:18:47.493117+02:00,PC,GPU_temp,69.0
2023-07-06 14:18:57.576595+02:00,PC,GPU_temp,69.0
2023-07-06 14:19:08.679591+02:00,PC,GPU_temp,69.0
2023-07-06 14:19:18.717788+02:00,PC,GPU_temp,69.0
2023-07-06 14:19:29.890810+02:00,PC,GPU_temp,69.0
2023-07-06 14:19:39.954044+02:00,PC,GPU_temp,69.0
2023-07-06 14:19:51.068771+02:00,PC,GPU_temp,69.0
2023-07-06 14:20:01.133296+02:00,PC,GPU_temp,69.0
2023-07-06 14:20:12.239572+02:00,PC,GPU_temp,69.0
2023-07-06 14:20:22.312262+02:00,PC,GPU_temp,69.0
2023-07-06 14:20:33.446661+02:00,PC,GPU_temp,69.0
2023-07-06 14:20:43.481526+02:00,PC,GPU_temp,69.0
2023-07-06 14:20:54.594649+02:00,PC,GPU_temp,69.0
2023-07-06 14:21:04.651354+02:00,PC,GPU_temp,69.0
2023-07-06 14:21:15.769642+02:00,PC,GPU_temp,70.0
2023-07-06 14:21:25.843591+02:00,PC,GPU_temp,69.0
2023-07-06 14:21:37.001553+02:00,PC,GPU_temp,69.0
2023-07-06 14:21:47.056427+02:00,PC,GPU_temp,69.0
2023-07-06 14:21:58.166614+02:00,PC,GPU_temp,69.0
2023-07-06 14:22:08.228153+02:00,PC,GPU_temp,69.0
2023-07-06 14:22:19.309462+02:00,PC,GPU_temp,70.0
2023-07-06 14:22:29.351732+02:00,PC,GPU_temp,69.0
2023-07-06 14:22:40.492023+02:00,PC,GPU_temp,69.0
2023-07-06 14:22:50.869599+02:00,PC,GPU_temp,69.0
2023-07-06 14:23:00.925198+02:00,PC,GPU_temp,68.0
2023-07-06 14:23:12.092754+02:00,PC,GPU_temp,69.0
2023-07-06 14:23:22.130671+02:00,PC,GPU_temp,68.0
2023-07-06 14:23:33.251863+02:00,PC,GPU_temp,69.0
2023-07-06 14:23:43.311042+02:00,PC,GPU_temp,69.0
2023-07-06 14:23:54.381672+02:00,PC,GPU_temp,69.0
2023-07-06 14:24:04.446058+02:00,PC,GPU_temp,69.0
2023-07-06 14:24:15.557890+02:00,PC,GPU_temp,69.0
2023-07-06 14:24:25.651374+02:00,PC,GPU_temp,69.0
2023-07-06 14:24:36.781538+02:00,PC,GPU_temp,69.0
2023-07-06 14:24:46.843267+02:00,PC,GPU_temp,69.0
2023-07-06 14:24:57.932968+02:00,PC,GPU_temp,69.0
2023-07-06 14:25:08.014824+02:00,PC,GPU_temp,69.0
2023-07-06 14:25:19.051841+02:00,PC,GPU_temp,69.0
2023-07-06 14:25:29.433508+02:00,PC,GPU_temp,69.0
2023-07-06 14:25:39.868576+02:00,PC,GPU_temp,68.0
2023-07-06 14:25:49.962339+02:00,PC,GPU_temp,67.0
2023-07-06 14:26:01.023357+02:00,PC,GPU_temp,68.0
2023-07-06 14:26:11.350824+02:00,PC,GPU_temp,68.0
2023-07-06 14:26:21.734200+02:00,PC,GPU_temp,69.0
2023-07-06 14:26:31.792129+02:00,PC,GPU_temp,68.0
2023-07-06 14:26:42.916136+02:00,PC,GPU_temp,69.0
2023-07-06 14:26:52.950396+02:00,PC,GPU_temp,68.0
2023-07-06 14:27:04.113275+02:00,PC,GPU_temp,69.0
2023-07-06 14:27:14.138592+02:00,PC,GPU_temp,69.0
2023-07-06 14:27:25.195620+02:00,PC,GPU_temp,70.0
2023-07-06 14:27:35.251704+02:00,PC,GPU_temp,70.0
2023-07-06 14:27:46.363825+02:00,PC,GPU_temp,70.0
2023-07-06 14:27:56.435253+02:00,PC,GPU_temp,69.0
2023-07-06 14:28:07.552538+02:00,PC,GPU_temp,69.0
2023-07-06 14:28:17.623392+02:00,PC,GPU_temp,69.0
2023-07-06 14:28:28.718040+02:00,PC,GPU_temp,69.0
2023-07-06 14:28:38.756707+02:00,PC,GPU_temp,68.0
2023-07-06 14:28:49.882348+02:00,PC,GPU_temp,69.0
2023-07-06 14:29:00.228122+02:00,PC,GPU_temp,69.0
2023-07-06 14:29:10.318399+02:00,PC,GPU_temp,68.0
2023-07-06 14:29:21.395550+02:00,PC,GPU_temp,68.0
2023-07-06 14:29:31.440208+02:00,PC,GPU_temp,68.0
2023-07-06 14:29:42.553738+02:00,PC,GPU_temp,69.0
2023-07-06 14:29:52.612690+02:00,PC,GPU_temp,69.0
2023-07-06 14:30:03.734727+02:00,PC,GPU_temp,69.0
2023-07-06 14:30:13.773178+02:00,PC,GPU_temp,69.0
2023-07-06 14:30:24.855410+02:00,PC,GPU_temp,69.0
2023-07-06 14:30:34.871249+02:00,PC,GPU_temp,69.0
2023-07-06 14:30:46.006685+02:00,PC,GPU_temp,70.0
2023-07-06 14:30:56.058243+02:00,PC,GPU_temp,69.0
2023-07-06 14:31:07.202015+02:00,PC,GPU_temp,69.0
2023-07-06 14:31:17.258233+02:00,PC,GPU_temp,69.0
2023-07-06 14:31:28.346210+02:00,PC,GPU_temp,69.0
2023-07-06 14:31:38.400029+02:00,PC,GPU_temp,69.0
2023-07-06 14:31:49.547147+02:00,PC,GPU_temp,69.0
2023-07-06 14:31:59.604875+02:00,PC,GPU_temp,68.0
2023-07-06 14:32:10.734683+02:00,PC,GPU_temp,69.0
2023-07-06 14:32:20.802958+02:00,PC,GPU_temp,69.0
2023-07-06 14:32:31.879444+02:00,PC,GPU_temp,69.0
2023-07-06 14:32:41.942568+02:00,PC,GPU_temp,69.0
2023-07-06 14:32:53.021894+02:00,PC,GPU_temp,70.0
2023-07-06 14:33:03.082420+02:00,PC,GPU_temp,69.0
2023-07-06 14:33:14.234302+02:00,PC,GPU_temp,69.0
2023-07-06 14:33:24.297598+02:00,PC,GPU_temp,69.0
2023-07-06 14:33:35.401488+02:00,PC,GPU_temp,69.0
2023-07-06 14:33:45.476549+02:00,PC,GPU_temp,69.0
2023-07-06 14:33:56.610870+02:00,PC,GPU_temp,69.0
2023-07-06 14:34:06.639073+02:00,PC,GPU_temp,68.0
2023-07-06 14:34:17.751706+02:00,PC,GPU_temp,69.0
2023-07-06 14:34:27.836799+02:00,PC,GPU_temp,69.0
2023-07-06 14:34:38.876202+02:00,PC,GPU_temp,69.0
2023-07-06 14:34:48.961658+02:00,PC,GPU_temp,69.0
2023-07-06 14:35:00.089974+02:00,PC,GPU_temp,69.0
2023-07-06 14:35:10.141046+02:00,PC,GPU_temp,69.0
2023-07-06 14:35:21.239599+02:00,PC,GPU_temp,69.0
2023-07-06 14:35:31.321492+02:00,PC,GPU_temp,69.0
2023-07-06 14:35:42.434296+02:00,PC,GPU_temp,69.0
2023-07-06 14:35:52.479288+02:00,PC,GPU_temp,69.0
2023-07-06 14:36:03.591062+02:00,PC,GPU_temp,69.0
2023-07-06 14:36:13.933040+02:00,PC,GPU_temp,69.0
2023-07-06 14:36:23.963041+02:00,PC,GPU_temp,68.0
2023-07-06 14:36:35.085878+02:00,PC,GPU_temp,69.0
2023-07-06 14:36:45.186425+02:00,PC,GPU_temp,69.0
2023-07-06 14:36:56.286229+02:00,PC,GPU_temp,69.0
2023-07-06 14:37:06.338200+02:00,PC,GPU_temp,69.0
2023-07-06 14:37:17.511368+02:00,PC,GPU_temp,70.0
2023-07-06 14:37:27.928607+02:00,PC,GPU_temp,69.0
2023-07-06 14:37:37.979578+02:00,PC,GPU_temp,68.0
2023-07-06 14:37:49.103041+02:00,PC,GPU_temp,69.0
2023-07-06 14:37:59.168687+02:00,PC,GPU_temp,68.0
2023-07-06 14:38:10.299980+02:00,PC,GPU_temp,69.0
2023-07-06 14:38:20.337443+02:00,PC,GPU_temp,69.0
2023-07-06 14:38:31.481473+02:00,PC,GPU_temp,69.0
2023-07-06 14:38:41.541655+02:00,PC,GPU_temp,69.0
2023-07-06 14:38:52.699477+02:00,PC,GPU_temp,70.0
2023-07-06 14:39:02.730489+02:00,PC,GPU_temp,69.0
2023-07-06 14:39:13.849645+02:00,PC,GPU_temp,69.0
2023-07-06 14:39:23.884803+02:00,PC,GPU_temp,69.0
2023-07-06 14:39:35.055974+02:00,PC,GPU_temp,69.0
2023-07-06 14:39:45.098299+02:00,PC,GPU_temp,69.0
2023-07-06 14:39:56.196699+02:00,PC,GPU_temp,69.0
2023-07-06 14:40:06.244587+02:00,PC,GPU_temp,69.0
2023-07-06 14:40:17.347186+02:00,PC,GPU_temp,69.0
2023-07-06 14:40:27.402876+02:00,PC,GPU_temp,69.0
2023-07-06 14:40:38.521488+02:00,PC,GPU_temp,69.0
2023-07-06 14:40:48.585600+02:00,PC,GPU_temp,69.0
2023-07-06 14:40:59.660269+02:00,PC,GPU_temp,69.0
2023-07-06 14:41:09.714263+02:00,PC,GPU_temp,69.0
2023-07-06 14:41:20.848233+02:00,PC,GPU_temp,69.0
2023-07-06 14:41:30.909651+02:00,PC,GPU_temp,69.0
2023-07-06 14:41:41.997907+02:00,PC,GPU_temp,69.0
2023-07-06 14:41:52.071487+02:00,PC,GPU_temp,69.0
2023-07-06 14:42:03.186737+02:00,PC,GPU_temp,70.0
2023-07-06 14:42:13.262668+02:00,PC,GPU_temp,69.0
2023-07-06 14:42:24.390940+02:00,PC,GPU_temp,69.0
2023-07-06 14:42:34.429962+02:00,PC,GPU_temp,69.0
2023-07-06 14:42:45.565440+02:00,PC,GPU_temp,69.0
2023-07-06 14:42:55.599465+02:00,PC,GPU_temp,69.0
2023-07-06 14:43:06.730603+02:00,PC,GPU_temp,69.0
2023-07-06 14:43:16.797363+02:00,PC,GPU_temp,69.0
2023-07-06 14:43:27.961391+02:00,PC,GPU_temp,69.0
2023-07-06 14:43:38.016855+02:00,PC,GPU_temp,69.0
2023-07-06 14:43:49.217895+02:00,PC,GPU_temp,69.0
2023-07-06 14:43:59.236410+02:00,PC,GPU_temp,69.0
2023-07-06 14:44:10.301911+02:00,PC,GPU_temp,69.0
2023-07-06 14:44:20.399836+02:00,PC,GPU_temp,69.0
2023-07-06 14:44:31.542172+02:00,PC,GPU_temp,70.0
2023-07-06 14:44:41.636935+02:00,PC,GPU_temp,69.0
2023-07-06 14:44:52.691775+02:00,PC,GPU_temp,70.0
2023-07-06 14:45:03.080070+02:00,PC,GPU_temp,69.0
2023-07-06 14:45:13.571833+02:00,PC,GPU_temp,68.0
2023-07-06 14:45:23.649290+02:00,PC,GPU_temp,68.0
2023-07-06 14:45:34.803331+02:00,PC,GPU_temp,68.0
2023-07-06 14:45:44.842179+02:00,PC,GPU_temp,68.0
2023-07-06 14:45:55.961757+02:00,PC,GPU_temp,69.0
2023-07-06 14:46:06.065672+02:00,PC,GPU_temp,69.0
2023-07-06 14:46:16.113132+02:00,PC,GPU_temp,69.0
2023-07-06 14:46:26.208962+02:00,PC,GPU_temp,68.0
2023-07-06 14:46:36.238923+02:00,PC,GPU_temp,68.0
2023-07-06 14:46:46.287624+02:00,PC,GPU_temp,68.0
2023-07-06 14:46:56.338606+02:00,PC,GPU_temp,67.0
2023-07-06 14:47:07.449941+02:00,PC,GPU_temp,68.0
2023-07-06 14:47:17.542613+02:00,PC,GPU_temp,68.0
2023-07-06 14:47:28.638746+02:00,PC,GPU_temp,69.0
2023-07-06 14:47:38.704326+02:00,PC,GPU_temp,69.0
2023-07-06 14:47:49.751841+02:00,PC,GPU_temp,70.0
2023-07-06 14:47:59.814837+02:00,PC,GPU_temp,70.0
2023-07-06 14:48:10.908225+02:00,PC,GPU_temp,70.0
2023-07-06 14:48:20.951436+02:00,PC,GPU_temp,69.0
2023-07-06 14:48:31.012686+02:00,PC,GPU_temp,69.0
2023-07-06 14:48:41.087085+02:00,PC,GPU_temp,69.0
2023-07-06 14:48:51.140706+02:00,PC,GPU_temp,68.0
2023-07-06 14:49:01.220155+02:00,PC,GPU_temp,68.0
2023-07-06 14:49:11.246900+02:00,PC,GPU_temp,68.0
2023-07-06 14:49:21.310494+02:00,PC,GPU_temp,68.0
2023-07-06 14:49:31.407711+02:00,PC,GPU_temp,67.0
2023-07-06 14:49:41.472559+02:00,PC,GPU_temp,67.0
2023-07-06 14:49:51.539824+02:00,PC,GPU_temp,67.0
2023-07-06 14:50:01.614311+02:00,PC,GPU_temp,67.0
2023-07-06 14:50:11.685590+02:00,PC,GPU_temp,67.0
2023-07-06 14:50:21.769972+02:00,PC,GPU_temp,67.0
2023-07-06 14:50:31.850117+02:00,PC,GPU_temp,67.0
2023-07-06 14:50:41.927739+02:00,PC,GPU_temp,68.0
2023-07-06 14:50:51.997112+02:00,PC,GPU_temp,68.0
2023-07-06 14:51:02.055842+02:00,PC,GPU_temp,67.0
2023-07-06 14:51:12.108519+02:00,PC,GPU_temp,67.0
2023-07-06 14:51:22.227594+02:00,PC,GPU_temp,68.0
2023-07-06 14:51:32.319276+02:00,PC,GPU_temp,68.0
2023-07-06 14:51:42.387158+02:00,PC,GPU_temp,67.0
2023-07-06 14:51:52.431264+02:00,PC,GPU_temp,67.0
2023-07-06 14:52:02.536794+02:00,PC,GPU_temp,67.0
2023-07-06 14:52:12.591475+02:00,PC,GPU_temp,67.0
2023-07-06 14:52:22.670311+02:00,PC,GPU_temp,67.0
2023-07-06 14:52:32.773232+02:00,PC,GPU_temp,67.0
2023-07-06 14:52:42.835386+02:00,PC,GPU_temp,68.0
2023-07-06 14:52:52.893448+02:00,PC,GPU_temp,69.0
2023-07-06 14:53:02.957473+02:00,PC,GPU_temp,69.0
2023-07-06 14:53:13.052276+02:00,PC,GPU_temp,68.0
2023-07-06 14:53:23.127906+02:00,PC,GPU_temp,68.0
2023-07-06 14:53:33.215168+02:00,PC,GPU_temp,68.0
2023-07-06 14:53:43.274270+02:00,PC,GPU_temp,67.0
2023-07-06 14:53:53.346761+02:00,PC,GPU_temp,67.0
2023-07-06 14:54:03.427737+02:00,PC,GPU_temp,67.0
2023-07-06 14:54:13.482987+02:00,PC,GPU_temp,68.0
2023-07-06 14:54:23.565327+02:00,PC,GPU_temp,68.0
2023-07-06 14:54:33.659909+02:00,PC,GPU_temp,68.0
2023-07-06 14:54:43.721511+02:00,PC,GPU_temp,68.0
2023-07-06 14:54:53.802688+02:00,PC,GPU_temp,67.0
2023-07-06 14:55:03.857453+02:00,PC,GPU_temp,68.0
2023-07-06 14:55:13.951428+02:00,PC,GPU_temp,68.0
2023-07-06 14:55:24.035280+02:00,PC,GPU_temp,68.0
2023-07-06 14:55:34.088390+02:00,PC,GPU_temp,68.0
2023-07-06 14:55:44.150753+02:00,PC,GPU_temp,67.0
2023-07-06 14:55:54.206708+02:00,PC,GPU_temp,69.0
2023-07-06 14:56:04.272596+02:00,PC,GPU_temp,68.0
2023-07-06 14:56:14.361331+02:00,PC,GPU_temp,68.0
2023-07-06 14:56:24.438430+02:00,PC,GPU_temp,67.0
2023-07-06 14:56:34.509239+02:00,PC,GPU_temp,67.0
2023-07-06 14:56:44.596738+02:00,PC,GPU_temp,67.0
2023-07-06 14:56:54.667128+02:00,PC,GPU_temp,67.0
2023-07-06 14:57:04.708144+02:00,PC,GPU_temp,67.0
2023-07-06 14:57:14.806988+02:00,PC,GPU_temp,68.0
2023-07-06 14:57:24.893044+02:00,PC,GPU_temp,68.0
2023-07-06 14:57:34.945749+02:00,PC,GPU_temp,69.0
2023-07-06 14:57:45.016102+02:00,PC,GPU_temp,68.0
2023-07-06 15:24:24.708812+02:00,PC,GPU_temp,69.0
2023-07-06 15:24:34.788099+02:00,PC,GPU_temp,68.0
2023-07-06 15:24:44.860453+02:00,PC,GPU_temp,68.0
2023-07-06 15:24:54.927329+02:00,PC,GPU_temp,68.0
2023-07-06 15:25:04.996558+02:00,PC,GPU_temp,68.0
2023-07-06 15:25:15.068929+02:00,PC,GPU_temp,67.0
2023-07-06 15:25:25.133610+02:00,PC,GPU_temp,67.0
2023-07-06 15:25:35.223186+02:00,PC,GPU_temp,67.0
2023-07-06 15:25:45.324924+02:00,PC,GPU_temp,67.0
2023-07-06 15:25:55.378938+02:00,PC,GPU_temp,67.0
2023-07-06 15:26:05.452689+02:00,PC,GPU_temp,67.0
2023-07-06 15:26:15.542645+02:00,PC,GPU_temp,67.0
2023-07-06 15:26:25.615139+02:00,PC,GPU_temp,67.0
2023-07-06 15:26:35.700495+02:00,PC,GPU_temp,68.0
2023-07-06 15:26:45.762420+02:00,PC,GPU_temp,68.0
2023-07-06 15:26:55.850232+02:00,PC,GPU_temp,68.0
2023-07-06 15:27:05.936489+02:00,PC,GPU_temp,67.0
2023-07-06 15:27:16.017363+02:00,PC,GPU_temp,67.0
2023-07-06 15:27:26.110455+02:00,PC,GPU_temp,67.0
2023-07-06 15:27:36.177789+02:00,PC,GPU_temp,67.0
2023-07-06 15:27:46.249606+02:00,PC,GPU_temp,68.0
2023-07-06 15:27:56.314610+02:00,PC,GPU_temp,68.0
2023-07-06 15:28:06.372416+02:00,PC,GPU_temp,68.0
2023-07-06 15:28:16.447559+02:00,PC,GPU_temp,69.0
2023-07-06 15:28:26.505143+02:00,PC,GPU_temp,68.0
2023-07-06 15:28:36.566177+02:00,PC,GPU_temp,68.0
2023-07-06 15:28:46.657322+02:00,PC,GPU_temp,68.0
2023-07-06 15:28:56.694009+02:00,PC,GPU_temp,68.0
2023-07-06 15:29:06.791872+02:00,PC,GPU_temp,68.0
2023-07-06 15:29:16.845230+02:00,PC,GPU_temp,68.0
2023-07-06 15:29:26.906102+02:00,PC,GPU_temp,68.0
2023-07-06 15:29:36.979378+02:00,PC,GPU_temp,68.0
2023-07-06 15:29:47.071029+02:00,PC,GPU_temp,68.0
2023-07-06 15:29:57.171760+02:00,PC,GPU_temp,68.0
2023-07-06 15:30:07.238116+02:00,PC,GPU_temp,68.0
2023-07-06 15:30:17.314256+02:00,PC,GPU_temp,68.0
2023-07-06 15:30:27.413715+02:00,PC,GPU_temp,68.0
2023-07-06 15:30:37.492596+02:00,PC,GPU_temp,68.0
2023-07-06 15:30:47.592791+02:00,PC,GPU_temp,68.0
2023-07-06 15:30:57.658473+02:00,PC,GPU_temp,68.0
2023-07-06 15:31:07.757939+02:00,PC,GPU_temp,68.0
2023-07-06 15:31:17.861990+02:00,PC,GPU_temp,69.0
2023-07-06 15:31:27.950851+02:00,PC,GPU_temp,68.0
2023-07-06 15:31:38.044174+02:00,PC,GPU_temp,67.0
2023-07-06 15:31:48.133717+02:00,PC,GPU_temp,67.0
2023-07-06 15:31:58.224278+02:00,PC,GPU_temp,67.0
2023-07-06 15:32:08.284155+02:00,PC,GPU_temp,67.0
2023-07-06 15:32:18.347076+02:00,PC,GPU_temp,67.0
2023-07-06 15:32:28.456580+02:00,PC,GPU_temp,67.0
2023-07-06 15:32:38.553325+02:00,PC,GPU_temp,67.0
2023-07-06 15:32:48.639526+02:00,PC,GPU_temp,67.0
2023-07-06 15:32:58.698738+02:00,PC,GPU_temp,67.0
2023-07-06 15:33:08.801361+02:00,PC,GPU_temp,67.0
2023-07-06 15:33:18.911831+02:00,PC,GPU_temp,68.0
2023-07-06 15:34:01.885526+02:00,PC,GPU_temp,68.0
2023-07-06 23:09:18.553606+02:00,PC,GPU_temp,69.0
2023-07-06 23:09:33.610852+02:00,PC,GPU_temp,69.0
2023-07-06 23:09:48.679637+02:00,PC,GPU_temp,68.0
2023-07-06 23:10:03.725973+02:00,PC,GPU_temp,68.0
2023-07-06 23:10:18.800503+02:00,PC,GPU_temp,68.0
2023-07-06 23:10:33.870620+02:00,PC,GPU_temp,68.0
2023-07-06 23:10:48.950869+02:00,PC,GPU_temp,68.0
2023-07-06 23:11:04.021077+02:00,PC,GPU_temp,68.0
2023-07-06 23:11:19.125230+02:00,PC,GPU_temp,68.0
2023-07-06 23:11:34.173079+02:00,PC,GPU_temp,68.0
2023-07-06 23:11:49.223235+02:00,PC,GPU_temp,68.0
2023-07-06 23:12:04.293205+02:00,PC,GPU_temp,68.0
2023-07-06 23:12:19.354690+02:00,PC,GPU_temp,68.0
2023-07-06 23:12:34.419440+02:00,PC,GPU_temp,68.0
2023-07-06 23:12:49.485056+02:00,PC,GPU_temp,69.0
2023-07-06 23:13:04.545971+02:00,PC,GPU_temp,68.0
2023-07-06 23:13:19.607912+02:00,PC,GPU_temp,68.0
2023-07-06 23:13:34.630454+02:00,PC,GPU_temp,68.0
2023-07-06 23:13:49.703162+02:00,PC,GPU_temp,69.0
2023-07-06 23:14:04.743059+02:00,PC,GPU_temp,68.0
2023-07-06 23:14:19.805200+02:00,PC,GPU_temp,68.0
2023-07-06 23:14:34.889559+02:00,PC,GPU_temp,68.0
2023-07-06 23:14:49.978367+02:00,PC,GPU_temp,68.0
2023-07-06 23:15:05.068331+02:00,PC,GPU_temp,69.0
2023-07-06 23:15:20.124442+02:00,PC,GPU_temp,69.0
2023-07-06 23:15:35.241143+02:00,PC,GPU_temp,68.0
2023-07-06 23:15:50.304941+02:00,PC,GPU_temp,67.0
2023-07-06 23:16:05.358216+02:00,PC,GPU_temp,68.0
2023-07-06 23:16:20.451234+02:00,PC,GPU_temp,68.0
2023-07-06 23:16:35.518714+02:00,PC,GPU_temp,69.0
2023-07-06 23:16:50.567500+02:00,PC,GPU_temp,68.0
2023-07-06 23:17:05.627016+02:00,PC,GPU_temp,68.0
2023-07-06 23:17:20.699735+02:00,PC,GPU_temp,68.0
2023-07-06 23:17:35.798471+02:00,PC,GPU_temp,69.0
2023-07-06 23:17:50.846013+02:00,PC,GPU_temp,68.0
2023-07-06 23:18:05.918769+02:00,PC,GPU_temp,69.0
2023-07-06 23:18:20.993126+02:00,PC,GPU_temp,68.0
2023-07-06 23:18:36.053427+02:00,PC,GPU_temp,68.0
2023-07-06 23:18:51.149257+02:00,PC,GPU_temp,68.0
2023-07-06 23:19:06.206105+02:00,PC,GPU_temp,69.0
2023-07-06 23:19:21.293783+02:00,PC,GPU_temp,69.0
2023-07-06 23:19:36.392753+02:00,PC,GPU_temp,68.0
2023-07-06 23:19:51.482417+02:00,PC,GPU_temp,68.0
2023-07-06 23:20:06.533912+02:00,PC,GPU_temp,68.0
2023-07-06 23:20:21.637726+02:00,PC,GPU_temp,68.0
2023-07-06 23:20:36.737848+02:00,PC,GPU_temp,68.0
2023-07-06 23:20:51.827910+02:00,PC,GPU_temp,68.0
2023-07-06 23:21:06.860799+02:00,PC,GPU_temp,68.0
2023-07-06 23:21:21.923497+02:00,PC,GPU_temp,69.0
2023-07-06 23:21:36.973864+02:00,PC,GPU_temp,67.0
2023-07-06 23:21:52.066447+02:00,PC,GPU_temp,68.0
2023-07-06 23:22:07.125892+02:00,PC,GPU_temp,67.0
2023-07-06 23:22:22.202277+02:00,PC,GPU_temp,68.0
2023-07-06 23:22:37.229040+02:00,PC,GPU_temp,68.0
2023-07-06 23:22:52.299479+02:00,PC,GPU_temp,69.0
2023-07-06 23:23:07.366075+02:00,PC,GPU_temp,69.0
2023-07-06 23:23:22.454291+02:00,PC,GPU_temp,69.0
2023-07-06 23:23:37.511328+02:00,PC,GPU_temp,69.0
2023-07-06 23:23:52.624769+02:00,PC,GPU_temp,68.0
2023-07-06 23:24:07.667592+02:00,PC,GPU_temp,68.0
2023-07-06 23:24:22.720597+02:00,PC,GPU_temp,68.0
2023-07-06 23:24:37.785162+02:00,PC,GPU_temp,69.0
2023-07-06 23:24:52.929493+02:00,PC,GPU_temp,69.0
2023-07-06 23:25:08.020958+02:00,PC,GPU_temp,69.0
2023-07-06 23:25:23.093991+02:00,PC,GPU_temp,68.0
2023-07-06 23:25:38.150035+02:00,PC,GPU_temp,68.0
2023-07-06 23:25:53.240718+02:00,PC,GPU_temp,67.0
2023-07-06 23:26:08.317460+02:00,PC,GPU_temp,67.0
2023-07-06 23:26:23.383354+02:00,PC,GPU_temp,68.0
2023-07-06 23:26:38.468674+02:00,PC,GPU_temp,69.0
2023-07-06 23:26:53.564708+02:00,PC,GPU_temp,69.0
2023-07-06 23:27:08.597830+02:00,PC,GPU_temp,70.0
2023-07-06 23:27:23.678273+02:00,PC,GPU_temp,68.0
2023-07-06 23:27:38.765036+02:00,PC,GPU_temp,68.0
2023-07-06 23:27:53.853752+02:00,PC,GPU_temp,67.0
2023-07-06 23:28:08.937196+02:00,PC,GPU_temp,67.0
2023-07-06 23:28:24.011163+02:00,PC,GPU_temp,69.0
2023-07-06 23:28:39.072250+02:00,PC,GPU_temp,69.0
2023-07-06 23:28:54.158327+02:00,PC,GPU_temp,69.0
2023-07-06 23:29:09.188434+02:00,PC,GPU_temp,68.0
2023-07-06 23:29:24.254278+02:00,PC,GPU_temp,68.0
2023-07-06 23:29:39.320456+02:00,PC,GPU_temp,68.0
2023-07-06 23:29:54.389151+02:00,PC,GPU_temp,68.0
2023-07-06 23:30:09.436430+02:00,PC,GPU_temp,69.0
2023-07-06 23:30:24.528038+02:00,PC,GPU_temp,69.0
2023-07-06 23:30:39.604635+02:00,PC,GPU_temp,69.0
2023-07-06 23:30:54.665185+02:00,PC,GPU_temp,68.0
2023-07-06 23:31:09.736601+02:00,PC,GPU_temp,67.0
2023-07-06 23:31:24.806407+02:00,PC,GPU_temp,68.0
2023-07-06 23:31:39.893037+02:00,PC,GPU_temp,69.0
2023-07-06 23:31:54.952276+02:00,PC,GPU_temp,69.0
2023-07-06 23:32:10.044350+02:00,PC,GPU_temp,69.0
2023-07-06 23:32:25.098847+02:00,PC,GPU_temp,69.0
2023-07-06 23:32:40.161063+02:00,PC,GPU_temp,68.0
2023-07-06 23:32:55.240664+02:00,PC,GPU_temp,68.0
2023-07-06 23:33:10.308826+02:00,PC,GPU_temp,68.0
2023-07-06 23:33:25.372080+02:00,PC,GPU_temp,68.0
2023-07-06 23:33:40.451940+02:00,PC,GPU_temp,69.0
2023-07-06 23:33:55.503154+02:00,PC,GPU_temp,68.0
2023-07-06 23:34:10.611987+02:00,PC,GPU_temp,68.0
2023-07-06 23:34:25.665620+02:00,PC,GPU_temp,68.0
2023-07-06 23:34:40.717170+02:00,PC,GPU_temp,68.0
2023-07-06 23:34:55.798752+02:00,PC,GPU_temp,69.0
2023-07-06 23:35:10.874077+02:00,PC,GPU_temp,69.0
2023-07-06 23:35:25.957484+02:00,PC,GPU_temp,68.0
2023-07-06 23:35:41.049544+02:00,PC,GPU_temp,68.0
2023-07-06 23:35:56.139221+02:00,PC,GPU_temp,68.0
2023-07-06 23:36:11.199596+02:00,PC,GPU_temp,67.0
2023-07-06 23:36:26.228824+02:00,PC,GPU_temp,69.0
2023-07-06 23:36:41.313976+02:00,PC,GPU_temp,68.0
2023-07-06 23:36:56.394639+02:00,PC,GPU_temp,67.0
2023-07-06 23:37:11.448487+02:00,PC,GPU_temp,67.0
2023-07-06 23:37:26.524049+02:00,PC,GPU_temp,68.0
2023-07-06 23:37:41.612860+02:00,PC,GPU_temp,68.0
2023-07-06 23:37:56.686113+02:00,PC,GPU_temp,69.0
2023-07-06 23:38:11.766414+02:00,PC,GPU_temp,69.0
2023-07-06 23:38:26.799004+02:00,PC,GPU_temp,68.0
2023-07-06 23:38:41.906457+02:00,PC,GPU_temp,68.0
2023-07-06 23:38:56.976860+02:00,PC,GPU_temp,68.0
2023-07-06 23:39:12.025746+02:00,PC,GPU_temp,68.0
2023-07-06 23:39:27.109239+02:00,PC,GPU_temp,68.0
2023-07-06 23:39:42.183063+02:00,PC,GPU_temp,68.0
2023-07-06 23:39:57.249497+02:00,PC,GPU_temp,68.0
2023-07-06 23:40:12.274278+02:00,PC,GPU_temp,68.0
2023-07-06 23:40:27.364086+02:00,PC,GPU_temp,69.0
2023-07-06 23:40:42.417779+02:00,PC,GPU_temp,68.0
2023-07-06 23:40:57.491903+02:00,PC,GPU_temp,68.0
2023-07-06 23:41:12.553735+02:00,PC,GPU_temp,68.0
2023-07-06 23:41:27.629500+02:00,PC,GPU_temp,68.0
2023-07-06 23:41:42.681830+02:00,PC,GPU_temp,69.0
2023-07-06 23:41:57.766981+02:00,PC,GPU_temp,69.0
2023-07-06 23:42:12.826134+02:00,PC,GPU_temp,69.0
2023-07-06 23:42:27.909357+02:00,PC,GPU_temp,68.0
2023-07-06 23:42:42.968238+02:00,PC,GPU_temp,68.0
2023-07-06 23:42:58.054865+02:00,PC,GPU_temp,68.0
2023-07-06 23:43:13.116075+02:00,PC,GPU_temp,68.0
2023-07-06 23:43:28.175621+02:00,PC,GPU_temp,68.0
2023-07-06 23:43:43.262857+02:00,PC,GPU_temp,68.0
2023-07-06 23:43:58.292107+02:00,PC,GPU_temp,68.0
2023-07-06 23:44:13.388092+02:00,PC,GPU_temp,68.0
2023-07-06 23:44:28.454509+02:00,PC,GPU_temp,69.0
2023-07-06 23:44:43.509447+02:00,PC,GPU_temp,68.0
2023-07-06 23:44:58.620243+02:00,PC,GPU_temp,68.0
2023-07-06 23:45:13.654974+02:00,PC,GPU_temp,69.0
2023-07-06 23:45:28.737296+02:00,PC,GPU_temp,67.0
2023-07-06 23:45:43.843666+02:00,PC,GPU_temp,67.0
2023-07-06 23:45:58.919883+02:00,PC,GPU_temp,67.0
2023-07-06 23:46:14.009497+02:00,PC,GPU_temp,68.0
2023-07-06 23:46:29.053162+02:00,PC,GPU_temp,69.0
2023-07-06 23:46:44.141359+02:00,PC,GPU_temp,69.0
2023-07-06 23:46:59.176329+02:00,PC,GPU_temp,68.0
2023-07-06 23:47:14.280529+02:00,PC,GPU_temp,68.0
2023-07-06 23:47:29.320133+02:00,PC,GPU_temp,68.0
2023-07-06 23:47:44.418208+02:00,PC,GPU_temp,68.0
2023-07-06 23:47:59.484282+02:00,PC,GPU_temp,68.0
2023-07-06 23:48:14.558619+02:00,PC,GPU_temp,68.0
2023-07-06 23:48:29.630694+02:00,PC,GPU_temp,69.0
2023-07-06 23:48:44.708756+02:00,PC,GPU_temp,68.0
2023-07-06 23:48:59.757502+02:00,PC,GPU_temp,67.0
2023-07-06 23:49:14.828000+02:00,PC,GPU_temp,68.0
2023-07-06 23:49:29.895460+02:00,PC,GPU_temp,68.0
2023-07-06 23:49:44.978417+02:00,PC,GPU_temp,68.0
2023-07-06 23:50:00.056384+02:00,PC,GPU_temp,68.0
2023-07-06 23:50:15.088873+02:00,PC,GPU_temp,68.0
2023-07-06 23:50:30.204706+02:00,PC,GPU_temp,68.0
2023-07-06 23:50:45.291359+02:00,PC,GPU_temp,68.0
2023-07-06 23:51:00.350118+02:00,PC,GPU_temp,68.0
2023-07-06 23:51:15.440404+02:00,PC,GPU_temp,67.0
2023-07-06 23:51:30.519414+02:00,PC,GPU_temp,67.0
2023-07-06 23:51:45.578363+02:00,PC,GPU_temp,68.0
2023-07-06 23:52:00.615496+02:00,PC,GPU_temp,68.0
2023-07-06 23:52:15.663622+02:00,PC,GPU_temp,69.0
2023-07-06 23:52:30.748250+02:00,PC,GPU_temp,68.0
2023-07-06 23:52:45.862288+02:00,PC,GPU_temp,68.0
2023-07-06 23:53:00.936708+02:00,PC,GPU_temp,67.0
2023-07-06 23:53:16.002036+02:00,PC,GPU_temp,67.0
2023-07-06 23:53:31.069796+02:00,PC,GPU_temp,68.0
2023-07-06 23:53:46.149464+02:00,PC,GPU_temp,68.0
2023-07-06 23:54:01.212207+02:00,PC,GPU_temp,69.0
2023-07-06 23:54:16.282314+02:00,PC,GPU_temp,68.0
2023-07-06 23:54:31.335670+02:00,PC,GPU_temp,68.0
2023-07-06 23:54:46.430134+02:00,PC,GPU_temp,68.0
2023-07-06 23:55:01.444627+02:00,PC,GPU_temp,68.0
2023-07-06 23:55:16.513739+02:00,PC,GPU_temp,69.0
2023-07-06 23:55:31.599555+02:00,PC,GPU_temp,68.0
2023-07-06 23:55:46.662057+02:00,PC,GPU_temp,68.0
2023-07-06 23:56:01.757159+02:00,PC,GPU_temp,68.0
2023-07-06 23:56:16.833080+02:00,PC,GPU_temp,68.0
2023-07-06 23:56:31.870570+02:00,PC,GPU_temp,68.0
2023-07-06 23:56:46.960335+02:00,PC,GPU_temp,68.0
2023-07-06 23:57:02.016022+02:00,PC,GPU_temp,68.0
2023-07-06 23:57:17.102152+02:00,PC,GPU_temp,68.0
2023-07-06 23:57:32.160458+02:00,PC,GPU_temp,68.0
2023-07-06 23:57:47.195962+02:00,PC,GPU_temp,68.0
2023-07-06 23:58:02.296959+02:00,PC,GPU_temp,68.0
2023-07-06 23:58:17.387254+02:00,PC,GPU_temp,68.0
2023-07-06 23:58:32.427986+02:00,PC,GPU_temp,69.0
2023-07-06 23:58:47.490676+02:00,PC,GPU_temp,68.0
2023-07-06 23:59:02.578819+02:00,PC,GPU_temp,68.0
2023-07-06 23:59:17.659435+02:00,PC,GPU_temp,68.0
2023-07-06 23:59:32.755552+02:00,PC,GPU_temp,68.0
2023-07-06 23:59:47.818745+02:00,PC,GPU_temp,68.0
2023-07-07 00:00:02.898011+02:00,PC,GPU_temp,68.0
2023-07-07 00:00:17.983651+02:00,PC,GPU_temp,68.0
2023-07-07 00:00:33.023887+02:00,PC,GPU_temp,67.0
2023-07-07 00:00:48.087137+02:00,PC,GPU_temp,67.0
2023-07-07 00:01:03.147694+02:00,PC,GPU_temp,68.0
2023-07-07 00:01:18.217532+02:00,PC,GPU_temp,69.0
2023-07-07 00:01:33.303100+02:00,PC,GPU_temp,68.0
2023-07-07 00:01:48.402897+02:00,PC,GPU_temp,68.0
2023-07-07 00:02:03.483473+02:00,PC,GPU_temp,68.0
2023-07-07 00:02:18.565962+02:00,PC,GPU_temp,68.0
2023-07-07 00:02:33.645971+02:00,PC,GPU_temp,68.0
2023-07-07 00:02:48.691574+02:00,PC,GPU_temp,69.0
2023-07-07 00:03:03.787853+02:00,PC,GPU_temp,68.0
2023-07-07 00:03:18.870395+02:00,PC,GPU_temp,68.0
2023-07-07 00:03:33.941854+02:00,PC,GPU_temp,68.0
2023-07-07 00:03:48.994175+02:00,PC,GPU_temp,68.0
2023-07-07 00:04:04.092890+02:00,PC,GPU_temp,69.0
2023-07-07 00:04:19.158551+02:00,PC,GPU_temp,68.0
2023-07-07 00:04:34.232655+02:00,PC,GPU_temp,68.0
2023-07-07 00:04:49.295350+02:00,PC,GPU_temp,68.0
2023-07-07 00:05:04.375146+02:00,PC,GPU_temp,68.0
2023-07-07 00:05:19.438295+02:00,PC,GPU_temp,68.0
2023-07-07 00:05:34.526823+02:00,PC,GPU_temp,68.0
2023-07-07 00:05:49.603593+02:00,PC,GPU_temp,68.0
2023-07-07 00:06:04.661671+02:00,PC,GPU_temp,68.0
2023-07-07 00:06:19.752596+02:00,PC,GPU_temp,68.0
2023-07-07 00:06:34.802411+02:00,PC,GPU_temp,68.0
2023-07-07 00:06:49.898202+02:00,PC,GPU_temp,68.0
2023-07-07 00:07:04.989925+02:00,PC,GPU_temp,68.0
2023-07-07 00:07:20.066049+02:00,PC,GPU_temp,68.0
2023-07-07 00:07:35.159699+02:00,PC,GPU_temp,68.0
2023-07-07 00:07:50.241500+02:00,PC,GPU_temp,68.0
2023-07-07 00:08:05.315264+02:00,PC,GPU_temp,68.0
2023-07-07 00:08:20.396942+02:00,PC,GPU_temp,68.0
2023-07-07 00:08:35.478614+02:00,PC,GPU_temp,68.0
2023-07-07 00:08:50.524720+02:00,PC,GPU_temp,68.0
2023-07-07 00:09:05.627405+02:00,PC,GPU_temp,68.0
2023-07-07 00:09:20.687353+02:00,PC,GPU_temp,68.0
2023-07-07 00:09:35.777251+02:00,PC,GPU_temp,68.0
2023-07-07 00:09:50.840052+02:00,PC,GPU_temp,69.0
2023-07-07 00:10:05.903308+02:00,PC,GPU_temp,68.0
2023-07-07 00:10:20.956057+02:00,PC,GPU_temp,69.0
2023-07-07 00:10:36.087257+02:00,PC,GPU_temp,68.0
2023-07-07 00:10:51.165604+02:00,PC,GPU_temp,68.0
2023-07-07 00:11:06.238191+02:00,PC,GPU_temp,68.0
2023-07-07 00:11:21.312738+02:00,PC,GPU_temp,68.0
2023-07-07 00:11:36.379339+02:00,PC,GPU_temp,68.0
2023-07-07 00:11:51.454124+02:00,PC,GPU_temp,68.0
2023-07-07 00:12:06.548724+02:00,PC,GPU_temp,68.0
2023-07-07 00:12:21.632764+02:00,PC,GPU_temp,68.0
2023-07-07 00:12:36.671424+02:00,PC,GPU_temp,68.0
